timestamp,episode,total_reward,success,epsilon,steps,time_taken,distance_traveled
2025-05-14T20:04:22.735078,0,669.1000000000062,0,0.5,0,30,8.845500848896434
2025-05-14T20:04:55.828553,1,6305.700000000094,0,0.4975,1,30,17.831715210355988
2025-05-14T20:05:28.791718,2,6608.6000000000995,0,0.4950125,2,30,20.036363636363635
2025-05-14T20:06:01.847686,3,436.8000000000057,0,0.4925374375,3,30,6.187658495350803
2025-05-14T20:06:34.780783,4,459.80000000000547,0,0.49007475031250003,4,30,7.027027027027027
2025-05-14T20:07:07.723204,5,356.90000000000026,0,0.48762437656093754,5,30,9.394714407502132
2025-05-14T20:07:40.729881,6,386.70000000000266,0,0.48518625467813287,6,30,5.765004226542688
2025-05-14T20:08:13.667672,7,762.8000000000095,0,0.4827603234047422,7,30,7.018150388936906
2025-05-14T20:08:46.900223,8,203.89999999999776,0,0.4803465217877185,8,30,8.969594594594595
2025-05-14T20:09:19.897174,9,287.70000000000067,0,0.47794478917877986,9,30,3.4797297297297294
2025-05-14T20:10:22.866127,10,810.0000000000159,0,0.47555506523288593,10,60,1.396551724137931
2025-05-14T20:11:25.827900,11,834.3000000000129,0,0.4731772899067215,11,60,3.7331081081081083
2025-05-14T20:12:28.759405,12,1016.7000000000198,0,0.47081140345718786,12,60,4.577702702702703
2025-05-14T20:13:31.655256,13,1059.9000000000112,0,0.46845734643990194,13,60,5.5959425190194425
2025-05-14T20:14:34.846999,14,821.3000000000173,0,0.46611505970770245,14,60,3.39527027027027
2025-05-14T20:16:17.769194,14,2452.499999999939,0,0.46611505970770245,14,60,3.7331081081081083
2025-05-14T20:17:20.534976,15,2783.799999999945,0,0.4637844844091639,15,60,4.0916808149405774
2025-05-14T20:18:35.610705,16,5960.900000000205,0,0.4614655619871181,16,60,7.049028677150786
2025-05-14T20:19:38.637504,17,6399.399999999992,0,0.4591582341771825,17,60,11.83673469387755
2025-05-14T20:21:47.910991,18,58772.49999999577,1,0.4568624430062966,18,49,99.27927927927928
2025-05-14T20:22:36.699607,19,21532.499999999796,1,0.4545781307912651,19,46,96.66666666666667
2025-05-14T20:23:30.113364,20,22125.899999999696,1,0.4523052401373088,20,50,100
2025-05-14T20:24:22.437526,21,22234.599999999708,1,0.45004371393662224,21,49,100
2025-05-14T20:25:59.093003,21,28333.79999999906,1,0.45004371393662224,21,47,100
2025-05-14T20:28:31.818879,22,63963.29999999513,0,0.44779349536693913,22,53,100
2025-05-14T20:30:07.202293,23,43000.09999999751,1,0.4455545278901044,23,46,94.95652173913044
2025-05-14T20:31:10.353625,24,2218.0999999999626,0,0.4433267552506539,24,60,9.599303135888501
2025-05-14T20:32:13.560807,25,2565.899999999968,0,0.44111012147440065,25,60,9.90116801437556
2025-05-14T20:36:20.582980,26,113934.90000001511,0,0.43890457086702866,26,26,0
2025-05-14T20:37:24.052065,27,27313.59999999917,0,0.43671004801269353,27,11,0
2025-05-14T20:38:48.688529,28,37853.89999999809,1,0.4345264977726301,28,1,79.43925233644859
2025-05-14T20:43:35.320328,29,127270.10000002083,1,0.4323538652837669,29,51,99.27272727272727
2025-05-14T20:46:37.949011,30,88958.80000000472,1,0.4301920959573481,30,48,100
2025-05-14T20:48:17.858296,31,46375.9999999972,1,0.42804113547756134,31,49,98.39285714285714
2025-05-14T20:55:35.992929,32,207733.60000005373,1,0.4259009298001735,32,47,96.66666666666667
2025-05-14T21:00:01.288613,33,126455.00000002008,1,0.42377142515117266,33,47,94.95652173913044
2025-05-14T21:05:37.174056,34,159834.30000003465,1,0.4216525680254168,34,47,95.0
2025-05-14T21:33:10.616802,34,369684.2999998983,1,0.4216525680254168,34,44,98.39285714285714
2025-05-14T21:34:20.850781,35,32867.199999998615,1,0.4195443051852897,35,45,98.39285714285714
2025-05-14T21:35:23.789399,36,1964.099999999971,0,0.4174465836593632,36,60,3.3136094674556213
2025-05-14T21:44:12.007512,37,266842.2000000664,1,0.4153593507410664,37,44,96.66666666666667
2025-05-14T21:45:25.510546,38,34914.299999998395,1,0.4132825539873611,38,45,96.66666666666667
2025-05-14T21:46:12.381590,39,22073.599999999748,1,0.4112161412174243,39,44,100
2025-05-14T21:47:15.365925,40,3257.799999999927,0,0.40916006051133713,40,60,9.952696310312206
2025-05-14T21:48:41.506366,41,39927.39999999794,1,0.40711426020878044,41,45,98.39285714285714
2025-05-14T21:53:14.212115,42,128584.20000002117,1,0.4050786889077365,42,50,100
2025-05-14T22:00:46.861932,43,217395.6000000567,1,0.40305329546319785,43,48,100
2025-05-14T22:02:35.145211,44,50794.599999996855,1,0.40103802898588187,44,46,99.27927927927928
2025-05-14T22:05:35.031155,45,88190.30000000443,1,0.3990328388409525,45,49,95.82608695652173
2025-05-14T22:06:24.122797,46,21553.599999999777,1,0.3970376746467477,46,46,100
2025-05-14T22:07:15.352288,47,24378.4999999995,1,0.39505248627351397,47,48,100
2025-05-14T22:08:58.931880,48,40457.49999999793,0,0.3930772238421464,48,61,45.53719008264463
2025-05-14T22:09:50.952563,49,22983.29999999965,1,0.3911118377229357,49,49,100
2025-05-14T22:12:46.511318,50,83731.00000000256,1,0.389156278534321,50,48,98.39285714285714
2025-05-14T22:13:38.306220,51,23556.09999999959,1,0.3872104971416494,51,48,95.0
2025-05-14T22:17:15.652479,52,102225.00000000976,1,0.38527444465594113,52,53,100
2025-05-14T22:18:04.848134,53,22750.299999999654,1,0.38334807243266145,53,45,100
2025-05-14T22:19:03.786161,54,25989.09999999934,1,0.3814313320704981,54,56,100
2025-05-14T22:20:49.517987,55,49201.39999999701,1,0.3795241754101456,55,48,100
2025-05-14T22:21:40.302798,56,22798.79999999966,1,0.37762655453309485,56,47,100
2025-05-14T22:23:53.294603,57,60034.999999996064,1,0.3757384217604294,57,55,100
2025-05-14T22:32:25.839438,58,252236.10000006887,1,0.3738597296516272,58,42,100
2025-05-14T22:35:11.209857,59,77127.19999999997,1,0.3719904310033691,59,53,99.27927927927928
2025-05-14T22:38:11.982552,60,93960.40000000625,1,0.37013047884835226,60,43,100
2025-05-14T22:39:46.468886,61,35471.09999999838,0,0.3682798264541105,61,60,38.53146853146853
2025-05-14T22:41:39.584167,62,57018.29999999633,1,0.36643842732183995,62,44,100
2025-05-14T22:47:44.443860,63,187817.00000004293,1,0.3646062351852308,63,44,100
2025-05-14T22:51:31.222960,64,116039.70000001483,1,0.36278320400930464,64,45,100
2025-05-14T22:53:05.774091,65,47821.099999997285,1,0.3609692879892581,65,47,0
2025-05-14T22:53:55.824427,66,24017.19999999954,1,0.3591644415493118,66,47,97.52212389380531
2025-05-14T22:54:41.335888,67,22595.599999999686,1,0.3573686193415653,67,42,100
2025-05-14T23:01:19.197918,68,207207.30000005016,1,0.35558177624485743,68,43,100
2025-05-14T23:03:13.459617,69,58445.19999999622,1,0.3538038673636331,69,46,95.82608695652173
2025-05-14T23:04:23.824576,70,36116.099999998434,1,0.35203484802681495,70,44,100
2025-05-14T23:12:32.900256,71,242538.8000000632,1,0.35027467378668087,71,45,100
2025-05-14T23:13:57.177344,72,41725.79999999785,1,0.3485233004177475,72,44,100
2025-05-14T23:14:42.810356,73,22797.49999999967,1,0.34678068391565875,73,43,100
2025-05-14T23:18:13.562287,74,110695.40000001287,1,0.34504678049608045,74,45,100
2025-05-14T23:23:49.226212,75,176059.10000003764,1,0.34332154659360004,75,44,100
2025-05-14T23:27:27.738021,76,96270.60000000714,0,0.34160493886063203,76,60,16.129985228951256
2025-05-14T23:28:35.450147,77,34882.799999998555,1,0.3398969141663289,77,42,100
2025-05-14T23:39:37.975965,78,340556.2999999518,0,0.33819742959549726,78,60,39.78339350180505
2025-05-14T23:40:26.346365,79,23760.299999999563,1,0.33650644244751976,79,45,100
2025-05-14T23:47:58.272375,80,237864.70000006043,1,0.3348239102352822,80,42,100
2025-05-14T23:48:46.908174,81,24223.699999999506,1,0.3331497906841058,81,45,100
2025-05-14T23:51:16.902272,82,77801.50000000026,1,0.33148404173068524,82,44,100
2025-05-14T23:52:04.011292,83,23210.999999999614,1,0.3298266215220318,83,43,100
2025-05-14T23:54:07.405605,84,62501.89999999592,1,0.3281774884144216,84,44,100
2025-05-14T23:55:37.953646,85,41887.4999999979,1,0.3265366009723495,85,43,100
2025-05-14T23:59:24.714982,86,23355.999999999658,1,0.32490391796748774,86,43,99.27927927927928
2025-05-15T00:07:03.120021,87,49431.09999999722,1,0.3232793983776503,87,43,100
2025-05-15T00:24:44.594672,88,190661.60000004244,1,0.32166300138576204,88,43,100
2025-05-15T00:30:51.310153,89,97128.4000000073,1,0.3200546863788332,89,42,95.71428571428572
2025-05-15T00:44:21.401597,90,92017.60000000552,0,0.31845441294693905,90,65,19.131944444444443
2025-05-15T01:03:52.112941,91,60.300000000000004,0,0.3168621408822043,91,82,4.581572273879966
2025-05-15T01:21:52.317125,92,39.300000000000004,0,0.3152778301777933,92,81,4.577702702702703
2025-05-15T01:38:41.788387,93,20.200000000000003,0,0.31370144102690434,93,76,4.408783783783784
2025-05-15T01:55:40.284321,94,29803.599999998984,0,0.3121329338217698,94,67,16.52173913043478
2025-05-15T02:15:22.551657,95,19.200000000000003,0,0.31057226915266095,95,87,4.497041420118343
2025-05-15T02:32:08.277956,96,20.700000000000003,0,0.30901940780689763,96,80,4.493243243243243
2025-05-15T02:50:12.450848,97,40.2,0,0.30747431076786313,97,71,4.493243243243243
2025-05-15T03:07:29.335162,98,2768.4999999999914,0,0.3059369392140238,98,60,9.734982332155477
2025-05-15T03:25:39.177082,99,31236.09999999888,0,0.3044072545179537,99,78,14.952510176390774
2025-05-15T03:41:27.280001,99,115263.80000001418,1,0.3044072545179537,99,40,98.39285714285714
2025-05-15T03:42:30.317100,100,1886.3999999999533,0,0.3028852182453639,100,60,5.765004226542688
2025-05-15T03:43:32.889387,101,5560.000000000044,0,0.3013707921541371,101,60,7.178947368421053
2025-05-15T03:51:04.959943,102,264498.0000000643,1,0.29986393819336643,102,40,100
2025-05-15T03:52:07.838628,103,1984.0999999999678,0,0.2983646185023996,103,60,0.9172661870503597
2025-05-15T03:57:43.233917,104,194276.20000004253,1,0.2968727954098876,104,42,100
2025-05-15T03:59:00.574722,105,44412.69999999774,1,0.29538843143283816,105,41,99.27927927927928
2025-05-15T03:59:48.279680,106,26316.69999999935,1,0.29391148927567395,106,45,100
2025-05-15T04:01:26.170481,107,56561.999999996675,1,0.29244193182929556,107,42,100
2025-05-15T04:02:09.271604,108,24118.69999999957,1,0.2909797221701491,108,40,100
2025-05-15T04:06:01.048116,109,136253.50000002136,1,0.28952482355929837,109,41,100
2025-05-15T04:09:25.822372,110,118265.70000001491,1,0.2880771994415019,110,42,100
2025-05-15T04:13:20.591569,111,137261.20000002164,1,0.28663681344429437,111,41,100
2025-05-15T04:15:30.807973,112,74527.7999999991,1,0.2852036293770729,112,41,96.63716814159292
2025-05-15T04:16:40.478303,113,39308.69999999819,1,0.2837776112301875,113,39,100
2025-05-15T04:20:00.026329,114,114376.60000001344,1,0.2823587231740366,114,42,100
2025-05-15T04:20:44.849135,115,24930.899999999525,1,0.2809469295581664,115,42,100
2025-05-15T04:22:58.041787,116,77797.20000000026,1,0.2795421949103756,116,39,100
2025-05-15T04:27:25.252211,117,154167.2000000276,1,0.2781444839358237,117,46,100
2025-05-15T04:28:36.088337,118,40173.49999999812,1,0.27675376151614456,118,41,100
2025-05-15T04:31:34.688584,119,104158.80000000956,1,0.2753699927085638,119,40,100
2025-05-15T04:34:52.422875,120,115372.90000001348,1,0.273993142745021,120,41,100
2025-05-15T04:37:11.343133,121,81068.10000000133,1,0.2726231770312959,121,40,100
2025-05-15T04:39:41.334849,122,83747.40000000241,1,0.27126006114613943,122,41,100
2025-05-15T04:45:42.947374,123,213209.40000004848,1,0.26990376084040874,123,41,100
2025-05-15T04:46:59.033581,124,43678.299999997886,1,0.2685542420362067,124,42,100
2025-05-15T04:49:07.442969,125,75678.49999999955,1,0.26721147082602564,125,42,100
2025-05-15T04:49:52.270479,126,25622.69999999946,1,0.2658754134718955,126,42,100
2025-05-15T04:52:15.075685,127,83824.20000000227,1,0.26454603640453606,127,43,100
2025-05-15T04:57:45.241364,128,189096.60000003956,1,0.2632233062225134,128,51,100
2025-05-15T04:58:30.527659,129,25104.199999999502,1,0.2619071896914008,129,42,100
2025-05-15T04:59:14.514343,130,24194.79999999959,1,0.2605976537429438,130,41,100
2025-05-15T05:01:55.951282,131,94139.30000000584,1,0.2592946654742291,131,44,100
2025-05-15T05:02:39.584925,132,24682.99999999953,1,0.25799819214685793,132,41,100
2025-05-15T05:06:43.908198,133,143646.5000000235,1,0.25670820118612364,133,39,100
2025-05-15T05:08:32.569436,134,63323.599999996135,1,0.255424660180193,134,40,100
2025-05-15T05:09:16.492632,135,24435.399999999576,1,0.25414753687929204,135,41,100
2025-05-15T05:10:57.367046,136,58550.59999999659,1,0.2528767991948956,136,41,100
2025-05-15T05:13:57.130644,137,106479.00000001017,1,0.2516124151989211,137,42,100
2025-05-15T05:15:06.505057,138,39833.9999999982,1,0.2503543531229265,138,41,98.39285714285714
2025-05-15T05:17:38.461670,139,90657.50000000492,1,0.24910258135731184,139,39,100
2025-05-15T05:21:05.896908,140,124602.60000001678,1,0.24785706845052527,140,42,100
2025-05-15T05:22:08.353850,141,36297.19999999851,1,0.24661778310827265,141,41,98.39285714285714
2025-05-15T05:24:02.476063,142,67294.29999999657,1,0.2453846941927313,142,45,100
2025-05-15T05:26:18.780617,143,80190.20000000104,1,0.24415777072176764,143,40,100
2025-05-15T05:30:09.102083,144,132604.70000001928,1,0.2429369818681588,144,42,99.27927927927928
2025-05-15T05:31:44.314044,145,55661.19999999685,1,0.241722296958818,145,39,100
2025-05-15T05:33:00.711514,146,45532.49999999777,1,0.2405136854740239,146,40,100
2025-05-15T05:34:58.631084,147,70285.19999999765,1,0.23931111704665378,147,43,100
2025-05-15T05:39:19.333120,148,154220.90000002692,1,0.23811456146142052,148,40,100
2025-05-15T05:40:49.234241,149,37965.899999998415,0,0.2369239886541134,149,60,34.33021806853583
2025-05-15T05:42:20.011036,150,53522.399999997,1,0.23573936871084283,150,39,100
2025-05-15T05:45:03.420450,151,98626.10000000714,1,0.23456067186728863,151,40,98.39285714285714
2025-05-15T05:45:47.211069,152,25358.699999999488,1,0.23338786850795218,152,41,100
2025-05-15T05:47:07.679715,153,47296.39999999761,1,0.23222092916541243,153,42,99.27927927927928
2025-05-15T06:35:36.132912,153,113587.90000001242,1,0.23222092916541243,153,40,100
2025-05-15T06:42:39.652141,154,262184.100000064,1,0.23105982451958537,154,40,100
2025-05-15T06:44:36.298480,155,72769.69999999853,1,0.22990452539698744,155,40,100
2025-05-15T06:46:51.463695,156,83714.00000000224,1,0.2287550027700025,156,39,100
2025-05-15T06:47:38.213090,157,26851.799999999355,1,0.22761122775615247,157,44,100
2025-05-15T06:48:53.544309,158,46132.5999999977,1,0.2264731716173717,158,38,100
2025-05-15T06:50:49.812400,159,71995.1999999983,1,0.22534080575928486,159,43,100
2025-05-15T06:51:53.668190,160,38359.7999999984,1,0.22421410173048845,160,42,100
2025-05-15T06:54:56.185508,161,114494.10000001268,1,0.223093031221836,161,41,100
2025-05-15T06:55:58.714856,162,36704.29999999851,1,0.2219775660657268,162,38,100
2025-05-15T06:58:15.925081,163,85758.2000000029,1,0.22086767823539816,163,38,100
2025-05-15T07:03:47.840833,164,209551.60000004485,1,0.21976333984422117,164,41,100
2025-05-15T07:04:29.483757,165,25005.39999999953,1,0.21866452314500007,165,38,100
2025-05-15T07:08:13.975381,166,141890.1000000217,1,0.21757120052927506,166,40,100
2025-05-15T07:10:35.662321,167,87631.7000000036,1,0.21648334452662868,167,40,100
2025-05-15T07:11:17.493676,168,24581.099999999547,1,0.21540092780399553,168,38,100
2025-05-15T07:15:13.713544,169,143268.50000002235,1,0.21432392316497556,169,39,100
2025-05-15T07:18:23.982905,170,119520.20000001433,1,0.21325230354915067,170,40,97.52212389380531
2025-05-15T07:19:33.797953,171,43401.69999999794,1,0.21218604203140493,171,43,100
2025-05-15T07:20:19.414606,172,27781.699999999306,1,0.2111251118212479,172,43,100
2025-05-15T07:21:40.286721,173,50202.79999999743,1,0.21006948626214167,173,42,100
2025-05-15T07:22:52.589635,174,43805.699999997945,1,0.20901913883083095,174,42,100
2025-05-15T07:23:38.611856,175,27716.899999999277,1,0.2079740431366768,175,43,100
2025-05-15T07:24:19.495477,176,24864.19999999954,1,0.20693417292099342,176,38,99.27927927927928
2025-05-15T07:25:01.864996,177,25140.099999999482,1,0.20589950205638846,177,39,100
2025-05-15T07:27:04.491907,178,77189.5,1,0.20487000454610652,178,41,100
2025-05-15T07:31:41.887787,179,175718.40000003309,1,0.20384565452337597,179,41,100
2025-05-15T07:32:26.070000,180,26492.899999999387,1,0.20282642625075908,180,41,100
2025-05-15T07:35:21.620031,181,106600.30000000967,1,0.2018122941195053,181,42,100
2025-05-15T07:48:14.972532,182,488911.4999997583,1,0.20080323264890776,182,44,100
2025-05-15T07:50:08.170775,183,69610.7999999975,1,0.1997992164856632,183,42,100
2025-05-15T07:55:19.443930,184,196231.00000003967,1,0.1988002204032349,184,40,100
2025-05-15T08:06:26.550478,185,428945.99999983906,1,0.19780621930121872,185,40,100
2025-05-15T08:07:32.587830,186,40622.499999998254,1,0.19681718820471264,186,42,100
2025-05-15T08:09:51.639034,187,85732.70000000294,1,0.19583310226368908,187,39,100
2025-05-15T08:11:47.221093,188,72804.19999999853,1,0.19485393675237064,188,40,100
2025-05-15T08:16:20.504985,189,159865.30000002732,1,0.1938796670686088,189,44,100
2025-05-15T09:35:04.041257,189,328041.9999999739,1,0.1938796670686088,189,43,100
2025-05-15T09:37:17.793240,190,82723.40000000178,1,0.19291026873326575,190,44,98.39285714285714
2025-05-15T09:40:53.007863,191,137947.60000001985,1,0.19194571738959942,191,38,100
2025-05-15T09:51:03.622448,192,393224.09999988624,1,0.1909859888026514,192,43,100
2025-05-15T09:52:45.932706,193,66283.09999999641,1,0.19003105885863816,193,40,100
2025-05-15T09:55:44.978606,194,114960.30000001262,1,0.18908090356434498,194,40,100
2025-05-15T10:00:06.431804,195,169539.70000003066,1,0.18813549904652327,195,41,100
2025-05-15T10:10:20.603299,196,381369.6999999045,1,0.18719482155129066,196,42,100
2025-05-15T10:13:38.596829,197,123784.40000001552,1,0.18625884744353421,197,44,100
2025-05-15T10:15:58.400927,198,87364.1000000032,1,0.18532755320631655,198,42,100
2025-05-15T10:18:45.139685,199,106114.50000000939,1,0.18440091544028497,199,43,100
2025-05-15T10:24:55.300620,200,235472.00000005212,1,0.18347891086308354,200,40,100
2025-05-15T10:33:50.051622,201,342132.39999995474,1,0.18256151630876813,201,43,99.27927927927928
2025-05-15T10:35:05.145159,202,47809.29999999767,1,0.1816487087272243,202,41,100
2025-05-15T10:40:16.687583,203,190466.6000000374,1,0.1807404651835882,203,46,100
2025-05-15T10:41:42.890002,204,55037.099999997066,1,0.17983676285767025,204,38,100
2025-05-15T10:43:45.796092,205,78705.1000000005,1,0.1789375790433819,205,40,100
2025-05-15T10:57:31.260225,206,535294.0999997027,1,0.178042891148165,206,50,100
2025-05-15T11:00:51.708424,207,127409.60000001674,1,0.17715267669242415,207,38,100
2025-05-15T11:25:11.744639,207,629205.8999995785,1,0.17715267669242415,207,39,100
2025-05-15T11:29:23.758934,208,166798.40000002942,1,0.17626691330896202,208,40,100
2025-05-15T11:30:51.422015,209,56619.399999996924,1,0.1753855787424172,209,41,0
2025-05-15T11:40:12.486569,210,366404.0999999241,1,0.17450865084870512,210,41,100
2025-05-15T11:42:03.201766,211,69840.19999999752,1,0.1736361075944616,211,43,100
2025-05-15T11:43:12.794084,212,43530.39999999804,1,0.1727679270564893,212,40,100
2025-05-15T11:44:19.249967,213,43054.79999999807,1,0.17190408742120686,213,43,100
2025-05-15T11:45:04.484553,214,28204.899999999292,1,0.1710445669841008,214,42,100
2025-05-15T11:48:28.445622,215,133655.60000001834,1,0.1701893441491803,215,47,100
2025-05-15T11:55:23.467383,216,258430.3000000586,1,0.1693383974284344,216,45,98.39285714285714
2025-05-15T12:04:09.061773,217,338931.9999999614,1,0.16849170544129222,217,40,100
2025-05-15T12:05:34.934483,218,54159.49999999719,1,0.16764924691408575,218,44,100
2025-05-15T12:12:37.840989,219,266548.9000000552,1,0.16681100067951532,219,39,100
2025-05-15T12:20:29.675778,220,307775.90000000154,1,0.16597694567611773,220,50,100
2025-05-15T12:27:21.015440,221,240708.9000000534,1,0.16514706094773715,221,42,100
2025-05-15T12:30:29.036916,222,113176.80000001172,1,0.16432132564299848,222,46,100
2025-05-15T12:32:54.112031,223,86539.7000000032,1,0.1634997190147835,223,41,100
2025-05-15T12:39:19.766564,224,236962.8000000519,1,0.1626822204197096,224,45,100
2025-05-15T12:41:37.618165,225,85738.3000000029,1,0.16186880931761105,225,42,100
2025-05-15T12:45:26.867067,226,145270.3000000219,1,0.161059465271023,226,49,100
2025-05-15T13:05:29.990055,227,762706.1999994132,1,0.16025416794466787,227,47,100
2025-05-15T13:10:31.019695,228,186248.30000003517,1,0.15945289710494454,228,42,100
2025-05-15T13:14:46.046818,229,135974.800000019,0,0.1586556326194198,229,60,15.2
2025-05-15T13:25:27.043294,229,48132.99999999586,1,0.1586556326194198,229,41,100
2025-05-15T13:31:02.306452,230,127482.80000002906,1,0.1578623544563227,230,41,100
2025-05-15T13:53:52.335524,231,507332.69999954366,1,0.1570730426840411,231,44,100
2025-05-15T14:03:34.799615,232,208739.90000007677,0,0.1562876774706209,232,60,56.224489795918366
2025-05-15T14:10:19.185921,233,143827.50000003856,1,0.15550623908326777,233,47,100
2025-05-15T14:17:28.184216,234,160123.50000004668,1,0.15472870788785142,234,42,100
2025-05-15T14:18:52.582569,235,30745.499999998403,1,0.15395506434841216,235,43,100
2025-05-15T14:19:44.624795,236,16996.600000000337,1,0.1531852890266701,236,48,100
2025-05-15T14:26:21.428554,237,142813.30000003744,1,0.15241936258153677,237,41,100
2025-05-15T14:34:16.990830,238,168415.3000000523,1,0.1516572657686291,238,42,100
2025-05-15T14:39:24.379588,239,113542.00000002107,1,0.15089897943978595,239,44,100
2025-05-15T15:01:14.683045,240,495493.5999995732,1,0.15014448454258703,240,43,100
2025-05-15T15:04:24.706271,241,60896.99999999397,1,0.1493937621198741,241,43,100
2025-05-15T15:13:47.994288,242,206338.70000007507,1,0.14864679330927472,242,44,100
2025-05-15T15:16:31.562329,243,60604.699999994096,1,0.14790355934272834,243,46,100
2025-05-15T15:17:22.828826,244,18449.500000000087,1,0.1471640415460147,244,48,100
2025-05-15T15:29:26.347906,245,257832.60000010213,1,0.14642822133828462,245,46,100
2025-05-15T17:32:43.375138,245,29890.299999998635,1,0.14642822133828462,245,44,100
2025-05-15T17:33:33.771001,246,17784.400000000212,1,0.1456960802315932,246,47,100
2025-05-15T17:34:23.582358,247,17279.90000000028,1,0.14496759983043522,247,47,100
2025-05-15T17:36:12.465770,248,6302.7000000002445,0,0.14424276183128304,248,60,8.709122203098106
2025-05-15T17:38:29.068402,249,51789.29999999557,1,0.14352154802212663,249,46,0
2025-05-15T17:39:23.507694,250,17501.300000000247,1,0.142803940282016,250,51,100
2025-05-15T17:40:16.082424,251,17170.900000000292,1,0.14208992058060593,251,49,100
2025-05-15T17:41:02.869033,252,16019.900000000393,1,0.1413794709777029,252,43,100
2025-05-15T17:41:48.501983,253,16223.100000000402,1,0.14067257362281438,253,42,100
2025-05-15T17:42:35.932900,254,16730.20000000038,1,0.1399692107547003,254,44,100
2025-05-15T17:43:52.670079,255,29940.59999999864,1,0.13926936470092682,255,44,100
2025-05-15T17:44:38.646643,256,16515.9000000004,1,0.13857301787742218,256,43,100
2025-05-15T17:45:26.000706,257,17188.500000000295,1,0.13788015278803506,257,44,100
2025-05-15T17:46:10.590531,258,15947.400000000403,1,0.1371907520240949,258,41,100
2025-05-15T17:46:56.942404,259,16552.900000000413,1,0.1365047982639744,259,43,100
2025-05-15T17:47:41.190434,260,15651.300000000387,1,0.13582227427265453,260,41,100
2025-05-15T17:48:34.265435,261,19630.299999999934,1,0.13514316290129125,261,50,100
2025-05-15T17:49:22.440835,262,17669.60000000023,1,0.1344674470867848,262,45,100
2025-05-15T17:50:14.938347,263,20504.69999999996,1,0.13379510985135087,263,49,100
2025-05-15T17:51:04.561531,264,17591.70000000025,1,0.1331261343020941,264,46,100
2025-05-15T17:53:08.415265,265,48449.79999999589,1,0.13246050363058365,265,42,100
2025-05-15T17:53:57.987323,266,18553.400000000096,1,0.13179820111243074,266,46,97.52212389380531
2025-05-15T17:54:47.384114,267,18041.10000000016,1,0.13113921010686858,267,46,100
2025-05-15T17:55:33.067999,268,16693.800000000385,1,0.13048351405633424,268,43,100
2025-05-15T17:56:19.116097,269,16656.700000000375,1,0.12983109648605257,269,43,100
2025-05-15T17:57:04.478225,270,15863.200000000403,1,0.1291819410036223,270,42,100
2025-05-15T17:59:15.429897,271,52120.29999999555,1,0.1285360312986042,271,46,100
2025-05-15T18:00:03.164694,272,17298.300000000287,1,0.12789335114211117,272,45,100
2025-05-15T18:00:49.770278,273,17407.00000000026,1,0.12725388438640062,273,43,100
2025-05-15T18:01:36.634847,274,17612.900000000234,1,0.1266176149644686,274,44,100
2025-05-15T18:03:01.526308,275,32209.499999998214,1,0.12598452688964626,275,44,100
2025-05-15T18:04:43.861499,276,29797.099999998503,0,0.12535460425519804,276,63,47.06896551724138
2025-05-15T18:06:13.000715,277,3027.899999999985,0,0.12472783123392205,277,64,10.719844357976653
2025-05-15T18:07:37.786798,278,4718.099999999987,0,0.12410419207775243,278,61,11.786096256684491
2025-05-15T18:08:49.633990,279,17633.000000000215,0,0.12348367111736366,279,60,94.18803418803418
2025-05-15T18:10:29.424390,280,36433.99999999757,1,0.12286625276177685,280,54,100
2025-05-15T18:12:08.329225,281,37715.599999997474,1,0.12225192149796796,281,45,0
2025-05-15T18:13:39.252510,282,32969.99999999809,1,0.12164066189047812,282,46,0
2025-05-15T18:14:30.389703,283,17673.800000000254,1,0.12103245858102572,283,48,100
2025-05-15T18:15:23.398033,284,19208.70000000002,1,0.1204272962881206,284,50,100
2025-05-15T18:16:15.200077,285,17832.500000000222,1,0.11982515980668,285,49,100
2025-05-15T18:17:06.048298,286,18937.900000000096,1,0.1192260340076466,286,48,100
2025-05-15T18:17:55.798633,287,18147.100000000126,1,0.11862990383760837,287,47,100
2025-05-15T18:19:30.014017,288,35199.79999999785,1,0.11803675431842033,288,47,100
2025-05-15T18:21:00.991055,289,32545.299999998108,1,0.11744657054682822,289,50,98.39285714285714
2025-05-15T18:21:46.681450,290,15782.400000000367,1,0.11685933769409408,290,43,100
2025-05-15T18:22:41.609658,291,18790.400000000056,1,0.11627504100562361,291,51,100
2025-05-15T18:23:33.482962,292,18607.30000000007,1,0.1156936658005955,292,48,100
2025-05-15T18:24:18.826219,293,15999.500000000384,1,0.11511519747159252,293,42,100
2025-05-15T18:26:36.500033,294,48685.99999999582,1,0.11453962148423455,294,53,100
2025-05-15T18:28:59.084142,295,50185.79999999572,1,0.11396692337681337,295,55,100
2025-05-15T18:31:24.655030,296,51131.899999995585,1,0.11339708875992931,296,46,100
2025-05-15T18:32:15.862494,297,18733.70000000007,1,0.11283010331612967,297,48,100
2025-05-15T18:33:18.565471,298,22221.299999999545,1,0.11226595279954901,298,59,100
2025-05-15T18:40:00.498286,298,13910.100000000335,1,0.11226595279954901,298,40,100
2025-05-15T18:42:39.836832,298,36021.29999999774,1,0.11226595279954901,298,49,100
2025-05-15T18:44:15.434850,299,35456.59999999773,1,0.11170462303555127,299,46,100
2025-05-15T18:45:06.981611,300,19484.799999999952,1,0.11114609992037351,300,48,100
2025-05-15T18:45:57.971467,301,19599.899999999932,1,0.11059036942077165,301,48,100
2025-05-15T18:50:33.800042,302,104367.70000001484,1,0.11003741757366779,302,49,0
2025-05-15T18:51:27.104910,303,18215.10000000016,1,0.10948723048579945,303,49,100
2025-05-15T18:52:13.548616,304,16231.200000000399,1,0.10893979433337045,304,43,100
2025-05-15T18:53:48.914987,305,35777.199999997734,1,0.1083950953617036,305,49,100
2025-05-15T18:55:23.684418,306,35491.599999997605,1,0.10785311988489507,306,47,100
2025-05-15T18:56:18.322200,307,20090.199999999903,1,0.10731385428547059,307,51,100
2025-05-15T18:57:52.667640,308,35861.49999999796,1,0.10677728501404324,308,51,100
2025-05-15T18:58:49.196664,309,21082.599999999704,1,0.10624339858897303,309,53,100
2025-05-15T19:00:09.556613,310,29214.09999999862,1,0.10571218159602816,310,47,100
2025-05-15T19:03:24.616342,311,74801.29999999866,1,0.10518362068804801,311,54,100
2025-05-15T19:04:16.844605,312,19333.499999999956,1,0.10465770258460777,312,49,100
2025-05-15T19:05:06.048335,313,18092.800000000207,1,0.10413441407168474,313,46,100
2025-05-15T19:05:56.794386,314,17965.600000000206,1,0.10361374200132631,314,48,100
2025-05-15T19:06:54.787783,315,19020.700000000048,1,0.10309567329131968,315,54,100
2025-05-15T19:08:34.096037,316,35717.499999997766,1,0.10258019492486307,316,55,100
2025-05-15T19:09:24.663924,317,18279.40000000013,1,0.10206729395023875,317,47,100
2025-05-15T19:10:21.856190,318,20478.49999999981,1,0.10155695748048756,318,54,100
2025-05-15T19:13:34.849357,319,71713.99999999731,1,0.10104917269308512,319,54,100
2025-05-15T19:15:54.167995,320,53083.3999999953,1,0.1005439268296197,320,48,100
2025-05-15T19:18:27.748421,321,53187.39999999546,1,0.1000412071954716,321,52,100
2025-05-15T19:19:18.992163,322,18793.400000000078,1,0.1,322,48,100
2025-05-15T19:20:10.095172,323,19230.200000000084,1,0.1,323,48,100
2025-05-15T19:21:09.411416,324,22134.599999999646,1,0.1,324,56,100
2025-05-15T19:26:33.890816,325,126505.50000002747,1,0.1,325,43,100
2025-05-15T19:28:03.398867,326,34895.39999999798,1,0.1,326,47,100
2025-05-15T19:29:47.481889,327,38882.29999999717,1,0.1,327,52,100
2025-05-15T19:30:38.880863,328,18503.10000000011,1,0.1,328,48,100
2025-05-15T19:31:29.905509,329,18462.800000000196,1,0.1,329,47,100
2025-05-15T19:33:08.586437,330,37192.099999997445,1,0.1,330,52,100
2025-05-15T19:35:08.311682,331,45374.79999999646,1,0.1,331,48,100
2025-05-15T19:36:31.309939,332,30704.89999999838,1,0.1,332,45,100
2025-05-15T19:41:22.920327,333,114634.20000002046,1,0.1,333,49,100
2025-05-15T19:42:16.488027,334,19467.799999999985,1,0.1,334,50,100
2025-05-15T19:43:08.710588,335,19575.899999999907,1,0.1,335,49,100
2025-05-15T19:45:01.177472,336,37725.19999999745,1,0.1,336,60,100
2025-05-15T19:46:38.809426,337,26589.399999999005,0,0.1,337,60,20.87121212121212
2025-05-15T19:47:26.329802,338,17367.500000000273,1,0.1,338,44,100
2025-05-15T19:49:14.133300,339,42163.599999996826,1,0.1,339,53,0
2025-05-15T19:50:41.832135,340,34040.39999999801,1,0.1,340,46,100
2025-05-15T19:52:17.813036,341,37080.59999999754,1,0.1,341,47,100
2025-05-15T19:56:01.257353,342,88937.60000000669,1,0.1,342,45,100
2025-05-15T19:57:20.987846,343,30731.09999999848,1,0.1,343,43,100
2025-05-15T20:00:02.229067,344,64089.89999999405,1,0.1,344,45,100
2025-05-15T20:05:32.554501,344,51916.999999995605,1,0.1,344,52,100
2025-05-15T20:06:23.287259,345,20617.999999999905,1,0.1,345,47,100
2025-05-15T20:12:47.173776,345,21207.49999999969,1,0.1,345,51,100
2025-05-15T20:13:32.616146,346,17403.700000000255,1,0.199,346,42,100
2025-05-15T20:14:36.952236,346,16413.600000000413,1,0.199,346,43,100
2025-05-15T20:15:21.459195,347,15763.100000000391,1,0.19800500000000001,347,41,100
2025-05-15T20:16:04.146348,348,16219.200000000379,1,0.197014975,348,40,100
2025-05-15T20:16:49.001182,349,17689.100000000202,1,0.19602990012500002,349,42,96.66666666666667
2025-05-15T20:17:31.946291,350,16491.000000000386,1,0.19504975062437502,350,40,100
2025-05-15T20:18:17.863740,351,17792.600000000253,1,0.19407450187125314,351,43,100
2025-05-15T20:19:01.953751,352,16914.100000000315,1,0.19310412936189686,352,41,100
2025-05-15T20:19:44.103770,353,15750.100000000388,1,0.19213860871508737,353,39,100
2025-05-15T20:20:27.296725,354,16025.700000000379,1,0.19117791567151193,354,40,100
2025-05-15T20:21:13.024091,355,16737.200000000354,1,0.19022202609315436,355,43,100
2025-05-15T20:21:57.500205,356,15704.500000000427,1,0.18927091596268858,356,41,100
2025-05-15T20:22:44.958847,357,16296.500000000393,1,0.18832456138287512,357,44,100
2025-05-15T20:23:31.826251,358,16705.20000000036,1,0.18738293857596075,358,44,100
2025-05-15T20:24:18.380851,359,17960.900000000132,1,0.18644602388308096,359,43,100
2025-05-15T20:25:04.685986,360,17174.200000000284,1,0.18551379376366556,360,43,100
2025-05-15T20:25:47.339573,361,16179.90000000038,1,0.18458622479484724,361,40,100
2025-05-15T20:26:32.463993,362,17009.2000000003,1,0.183663293670873,362,42,100
2025-05-15T20:27:14.333206,363,15681.000000000375,1,0.18274497720251864,363,39,100
2025-05-15T20:29:03.136914,364,44054.299999996605,1,0.18183125231650604,364,43,100
2025-05-15T20:30:30.178922,365,34245.89999999811,1,0.18092209605492351,365,45,100
2025-05-15T20:31:14.164205,366,15267.500000000402,1,0.1800174855746489,366,41,100
2025-05-15T20:31:59.999435,367,16420.200000000397,1,0.17911739814677563,367,43,100
2025-05-15T20:32:50.333495,368,17809.900000000187,1,0.17822181115604174,368,47,100
2025-05-15T20:33:37.676041,369,16456.600000000384,1,0.17733070210026153,369,44,100
2025-05-15T20:34:25.804777,370,15396.200000000377,1,0.17644404858976023,370,44,100
2025-05-15T20:35:49.010950,371,31618.099999998172,1,0.17556182834681144,371,44,100
2025-05-15T20:36:31.124884,372,15830.600000000377,1,0.1746840192050774,372,39,100
2025-05-15T20:37:16.352226,373,16405.800000000403,1,0.173810599109052,373,42,100
2025-05-15T20:38:03.232284,374,16135.800000000394,1,0.17294154611350673,374,44,100
2025-05-15T20:38:49.246844,375,16881.400000000343,1,0.1720768383829392,375,42,100
2025-05-15T20:39:31.772125,376,15721.500000000373,1,0.1712164541910245,376,39,100
2025-05-15T20:40:15.596771,377,16562.20000000038,1,0.17036037192006936,377,41,100
2025-05-15T20:41:01.923837,378,17193.600000000275,1,0.16950857006046902,378,43,100
2025-05-15T20:41:48.678054,379,17021.800000000312,1,0.16866102721016668,379,44,100
2025-05-15T20:42:40.493580,380,18253.400000000187,1,0.16781772207411585,380,48,100
2025-05-15T20:43:32.909297,381,17611.90000000023,1,0.16697863346374528,381,49,99.27927927927928
2025-05-15T20:44:21.585924,382,16518.900000000413,1,0.16614374029642656,382,45,100
2025-05-15T20:45:08.217301,383,16651.20000000038,1,0.16531302159494443,383,43,100
2025-05-15T20:45:59.185010,384,17938.10000000018,1,0.16448645648696972,384,47,100
2025-05-15T20:46:45.919943,385,17375.50000000026,1,0.16366402420453488,385,43,100
2025-05-15T20:49:42.829660,386,67101.79999999437,1,0.1628457040835122,386,48,100
2025-05-15T20:50:30.279895,387,16181.200000000394,1,0.16203147556309463,387,44,100
2025-05-15T20:52:18.565973,387,16639.800000000356,1,0.16203147556309463,387,41,100
2025-05-15T20:54:37.157858,387,11405.900000000314,1,0.16203147556309463,387,43,100
2025-05-15T20:55:26.051248,388,12778.200000000377,1,0.16122131818527916,388,46,100
2025-05-15T20:57:26.095937,388,11008.800000000325,1,0.16122131818527916,388,44,100
2025-05-15T20:59:24.737747,388,23426.299999999264,1,0.16122131818527916,388,42,100
2025-05-15T21:00:59.948975,388,13761.900000000369,1,0.16122131818527916,388,45,100
2025-05-15T21:01:50.636612,389,13805.10000000036,1,0.16041521159435276,389,47,100
2025-05-15T21:04:26.172549,389,31399.299999997605,1,0.16041521159435276,389,45,0
2025-05-15T21:05:10.657798,390,11702.000000000324,1,0.159613135536381,390,41,100
2025-05-15T21:05:55.679593,391,11865.000000000326,1,0.15881506985869911,391,42,100
2025-05-15T21:06:43.487700,392,13418.600000000408,1,0.15802099450940563,392,45,100
2025-05-15T21:07:29.830888,393,11752.900000000382,1,0.1572308895368586,393,43,100
2025-05-15T21:08:54.363047,394,23402.49999999912,1,0.1564447350891743,394,44,100
2025-05-15T21:09:43.602047,395,12499.300000000389,1,0.15566251141372844,395,46,100
2025-05-15T21:10:27.734413,396,11589.300000000316,1,0.1548841988566598,396,41,100
2025-05-15T21:11:14.275774,397,11966.600000000366,1,0.1541097778623765,397,43,100
2025-05-15T21:11:59.828986,398,11426.300000000323,1,0.15333922897306462,398,42,100
2025-05-15T21:12:46.748724,399,12496.400000000387,1,0.1525725328281993,399,44,100
2025-05-15T21:13:28.672959,400,10917.800000000287,1,0.1518096701640583,400,39,100
2025-05-15T21:14:12.356379,401,11465.000000000318,1,0.151050621813238,401,40,100
2025-05-15T21:15:02.076261,402,13212.40000000042,1,0.15029536870417182,402,47,100
2025-05-15T21:15:50.282452,403,12791.600000000379,1,0.14954389186065095,403,45,100
2025-05-15T21:16:32.647423,404,9995.000000000271,1,0.1487961724013477,404,39,100
2025-05-15T21:17:22.081107,405,14332.900000000402,1,0.14805219153934096,405,46,100
2025-05-15T21:18:20.998085,406,12616.000000000377,1,0.14731193058164427,406,56,100
2025-05-15T21:19:45.259559,407,21662.199999999448,1,0.14657537092873604,407,46,100
2025-05-15T21:20:35.321800,408,12897.300000000376,1,0.14584249407409236,408,47,100
2025-05-15T21:22:05.098508,409,24790.69999999903,1,0.1451132816037219,409,42,100
2025-05-15T21:22:54.724286,410,12170.100000000393,1,0.1443877151957033,410,46,100
2025-05-15T21:24:01.814273,411,17802.800000000454,1,0.14366577661972477,411,42,100
2025-05-15T21:24:48.308933,412,12071.500000000364,1,0.14294744773662615,412,43,100
2025-05-15T21:26:49.213215,413,33913.6999999974,1,0.14223271049794303,413,43,100
2025-05-15T21:27:45.298910,414,13986.700000000468,1,0.14152154694545332,414,52,100
2025-05-15T21:28:30.446457,415,12459.00000000034,1,0.14081393921072605,415,42,100
2025-05-15T21:29:21.424634,416,13283.100000000419,1,0.1401098695146724,416,48,100
2025-05-15T21:30:46.942143,417,23624.399999999296,1,0.13940932016709906,417,44,100
2025-05-15T21:31:33.659995,418,12270.300000000347,1,0.13871227356626356,418,43,100
2025-05-15T21:32:16.093755,419,11071.800000000312,1,0.13801871219843223,419,39,100
2025-05-15T21:33:05.555334,420,13398.400000000402,1,0.13732861863744006,420,46,100
2025-05-15T21:33:59.357372,421,14687.40000000044,1,0.13664197554425286,421,51,100
2025-05-15T21:36:07.082563,422,33884.49999999695,1,0.1359587656665316,422,44,100
2025-05-15T21:37:02.113060,423,13125.700000000403,1,0.13527897183819892,423,52,100
2025-05-15T21:39:20.583497,424,34236.29999999718,1,0.13460257697900793,424,46,0
2025-05-15T21:41:09.925026,425,24133.09999999916,0,0.13392956409411289,425,60,61.91011235955056
2025-05-15T21:42:05.250289,426,12535.900000000413,1,0.1332599162736423,426,52,100
2025-05-15T21:44:07.758105,427,29599.29999999811,1,0.1325936166922741,427,48,100
2025-05-15T21:45:04.548873,428,11938.700000000343,1,0.13193064860881273,428,53,100
2025-05-15T21:46:38.973525,429,23413.89999999912,1,0.13127099536576867,429,47,100
2025-05-15T21:49:00.739967,430,37270.69999999665,1,0.13061464038893983,430,51,0
2025-05-15T21:50:31.359071,431,21658.399999999467,1,0.12996156718699514,431,45,100
2025-05-15T21:52:11.779933,432,24758.09999999885,1,0.12931175935106015,432,48,0
2025-05-15T21:53:46.143089,433,24629.799999999028,1,0.12866520055430486,433,48,100
2025-05-15T21:54:34.492006,434,11919.000000000344,1,0.12802187455153333,434,45,100
2025-05-15T21:55:29.644554,435,13550.600000000419,1,0.12738176517877567,435,52,100
2025-05-15T21:56:16.611007,436,11288.000000000295,1,0.1267448563528818,436,43,100
2025-05-15T21:57:54.738965,437,22836.39999999932,1,0.12611113207111738,437,48,0
2025-05-15T21:58:43.207682,438,11430.800000000347,1,0.1254805764107618,438,45,100
2025-05-15T22:03:03.857019,439,65226.49999999051,1,0.12485317352870799,439,47,100
2025-05-15T22:07:41.142480,440,69406.39999999362,1,0.12422890766106445,440,44,100
2025-05-15T22:08:27.890843,441,11276.100000000359,1,0.12360776312275913,441,43,100
2025-05-15T22:10:27.655549,442,30162.69999999792,1,0.12298972430714533,442,48,100
2025-05-15T22:11:30.749072,443,9386.300000000232,0,0.1223747756856096,443,60,32.603550295857985
2025-05-15T22:12:31.331209,444,14022.500000000482,1,0.12176290180718155,444,57,100
2025-05-15T22:13:24.085999,445,12685.300000000401,1,0.12115408729814564,445,50,100
2025-05-15T22:14:19.611607,446,15409.00000000046,1,0.12054831686165492,446,52,100
2025-05-15T22:16:38.097064,447,37385.299999996685,1,0.11994557527734664,447,47,97.52212389380531
2025-05-15T22:20:41.466282,447,58820.699999991826,1,0.11994557527734664,447,47,100
2025-05-15T22:21:32.666776,448,12167.700000000354,1,0.11934584740095991,448,47,100
2025-05-15T22:22:27.498521,449,11570.70000000038,1,0.11874911816395511,449,51,100
2025-05-15T22:29:09.088027,450,104917.70000002206,1,0.11815537257313534,450,51,100
2025-05-15T22:31:33.326500,451,38120.19999999641,1,0.11756459571026966,451,47,100
2025-05-15T22:32:23.845700,452,12812.800000000367,1,0.1169767727317183,452,47,100
2025-05-15T22:33:14.259253,453,12220.700000000375,1,0.1163918888680597,453,47,100
2025-05-15T22:34:06.881767,454,12938.700000000408,1,0.11580992942371941,454,49,100
2025-05-15T22:37:39.941938,455,54323.29999999279,1,0.11523087977660082,455,52,100
2025-05-15T22:38:22.685685,456,10962.400000000305,1,0.11465472537771781,456,40,100
2025-05-15T22:41:57.836143,456,49931.0,1,0.11465472537771781,456,44,100
2025-05-15T22:43:59.257770,457,136171.5,1,0.11408145175082922,457,46,100
2025-05-15T22:45:26.020817,458,93275.0,1,0.11351104449207507,458,45,100
2025-05-15T22:46:12.231711,459,49316.5,1,0.11294348926961469,459,43,100
2025-05-15T22:47:04.028962,460,54779.5,1,0.11237877182326661,460,49,100
2025-05-15T22:48:32.292702,461,95935.0,1,0.11181687796415028,461,44,100
2025-05-15T22:50:15.326826,462,108063.0,1,0.11125779357432954,462,48,100
2025-05-15T22:51:05.149236,463,55413.0,1,0.11070150460645789,463,47,100
2025-05-15T22:51:52.820812,464,49628.0,1,0.1101479970834256,464,44,100
2025-05-15T22:53:57.187438,465,140676.0,1,0.10959725709800847,465,42,100
2025-05-15T22:54:54.454148,466,59460.5,1,0.10904927081251842,466,54,100
2025-05-15T22:56:25.239698,467,101846.5,1,0.10850402445845582,467,49,100
2025-05-15T22:57:11.513075,468,48636.5,1,0.10796150433616354,468,43,100
2025-05-15T22:57:59.009496,469,50581.0,1,0.10742169681448273,469,44,100
2025-05-15T22:59:35.619497,470,109137.0,1,0.10688458833041031,470,44,0
2025-05-15T23:03:36.242002,471,265235.0,1,0.10635016538875826,471,49,100
2025-05-15T23:04:59.859522,472,91924.0,1,0.10581841456181447,472,41,100
2025-05-15T23:06:32.044093,473,100977.5,1,0.1052893224890054,473,50,100
2025-05-15T23:07:52.491720,474,87943.5,1,0.10476287587656037,474,44,100
2025-05-15T23:09:32.543123,475,108566.5,1,0.10423906149717757,475,47,100
2025-05-15T23:12:37.186890,476,197079.5,1,0.10371786618969168,476,49,100
2025-05-15T23:13:28.027266,477,51382.5,1,0.10319927685874322,477,48,100
2025-05-15T23:17:19.877916,478,257122.5,1,0.10268328047444951,478,42,100
2025-05-15T23:19:05.088534,479,103273.0,1,0.10216986407207726,479,50,100
2025-05-15T23:21:03.870226,480,133550.5,1,0.10165901475171688,480,46,100
2025-05-15T23:22:23.672004,481,85739.0,1,0.10115071967795829,481,52,100
2025-05-15T23:23:15.268492,482,53267.5,1,0.10064496607956849,482,48,100
2025-05-15T23:24:01.080006,483,47183.0,1,0.10014174124917065,483,43,100
2025-05-15T23:27:06.577660,484,204406.5,1,0.1,484,49,100
2025-05-15T23:27:54.083081,485,47479.0,1,0.24875,485,44,100
2025-05-15T23:28:39.815356,486,47921.5,1,0.24750625,486,43,100
2025-05-15T23:29:56.299848,487,79646.0,1,0.24626871875,487,40,100
2025-05-15T23:30:45.052930,488,49933.0,1,0.24503737515625001,488,45,100
2025-05-15T23:31:32.702787,489,49025.5,1,0.24381218828046877,489,45,100
2025-05-15T23:32:18.392721,490,47143.5,1,0.24259312733906643,490,43,100
2025-05-15T23:33:04.333671,491,46700.5,1,0.2413801617023711,491,43,94.18803418803418
2025-05-15T23:33:48.183145,492,44452.5,1,0.24017326089385924,492,41,100
2025-05-15T23:34:30.442649,493,42758.5,1,0.23897239458938993,493,39,98.39285714285714
2025-05-15T23:35:18.495822,494,47791.0,1,0.23777753261644297,494,45,98.39285714285714
2025-05-15T23:36:04.423851,495,46245.0,1,0.23658864495336074,495,43,99.27272727272727
2025-05-15T23:36:47.101509,496,41446.5,1,0.23540570172859393,496,40,100
2025-05-15T23:37:28.555042,497,42530.5,1,0.23422867321995097,497,38,100
2025-05-15T23:38:16.163896,498,50652.0,1,0.23305752985385123,498,44,100
2025-05-15T23:39:03.684803,499,47925.5,1,0.23189224220458196,499,44,100
2025-05-15T23:39:48.986471,500,45928.0,1,0.23073278099355904,500,42,98.39285714285714
2025-05-15T23:40:36.020482,501,47193.0,1,0.22957911708859124,501,44,100
2025-05-15T23:43:14.140603,502,161840.0,1,0.2284312215031483,502,41,100
2025-05-15T23:44:11.098184,503,51634.5,1,0.22728906539563254,503,53,100
2025-05-15T23:44:56.173871,504,46427.0,1,0.2261526200686544,504,42,100
2025-05-15T23:45:41.246690,505,45525.0,1,0.22502185696831112,505,42,100
2025-05-15T23:46:28.648982,506,52031.0,1,0.22389674768346957,506,44,100
2025-05-15T23:47:12.286356,507,45585.0,1,0.2227772639450522,507,40,97.52212389380531
2025-05-15T23:48:12.772390,508,47468.0,1,0.22166337762532695,508,57,99.27927927927928
2025-05-15T23:48:55.485667,509,41298.5,1,0.22055506073720033,509,40,100
2025-05-15T23:49:39.998557,510,45759.5,1,0.21945228543351433,510,41,100
2025-05-15T23:51:02.865266,511,87097.5,1,0.21835502400634677,511,44,100
2025-05-15T23:51:49.412499,512,48021.5,1,0.21726324888631504,512,43,100
2025-05-15T23:52:37.803606,513,49192.0,1,0.21617693264188345,513,45,100
2025-05-15T23:53:25.595113,514,47986.0,1,0.21509604797867404,514,45,100
2025-05-15T23:54:09.783723,515,43675.5,1,0.21402056773878067,515,41,100
2025-05-15T23:54:56.413226,516,48923.5,1,0.21295046490008676,516,43,100
2025-05-15T23:56:12.343555,517,81144.5,1,0.21188571257558633,517,42,100
2025-05-15T23:56:59.442319,518,46185.0,1,0.2108262840127084,518,44,98.39285714285714
2025-05-15T23:57:42.260469,519,42014.5,1,0.20977215259264484,519,39,100
2025-05-15T23:58:26.630560,520,44893.0,1,0.2087232918296816,520,41,100
2025-05-15T23:59:15.520385,521,49520.5,1,0.2076796753705332,521,46,98.39285714285714
2025-05-16T00:00:02.254318,522,48863.5,1,0.20664127699368054,522,43,100
2025-05-16T00:01:36.242133,523,96442.5,1,0.20560807060871214,523,46,0
2025-05-16T00:02:20.472635,524,45620.5,1,0.20458003025566857,524,41,100
2025-05-16T00:03:02.779411,525,40887.0,1,0.20355713010439022,525,39,97.52212389380531
2025-05-16T00:03:48.724314,526,47788.0,1,0.20253934445386826,526,43,100
2025-05-16T00:04:33.774581,527,45299.0,1,0.20152664773159892,527,42,100
2025-05-16T00:05:20.833954,528,48001.0,1,0.20051901449294093,528,44,100
2025-05-16T00:06:08.202205,529,50961.5,1,0.19951641942047624,529,44,100
2025-05-16T00:06:55.733783,530,48515.5,1,0.19851883732337386,530,45,100
2025-05-16T00:07:41.134230,531,45164.0,1,0.19752624313675698,531,42,100
2025-05-16T00:08:27.265242,532,45317.5,1,0.1965386119210732,532,43,100
2025-05-16T00:09:13.115819,533,50110.5,1,0.19555591886146784,533,43,100
2025-05-16T00:09:59.880277,534,47937.5,1,0.1945781392671605,534,44,100
2025-05-16T00:13:32.430792,535,226795.0,1,0.1936052485708247,535,45,100
2025-05-16T00:14:57.794366,536,87850.5,1,0.19263722232797056,536,41,100
2025-05-16T00:15:46.471002,537,48686.0,1,0.19167403621633072,537,45,100
2025-05-16T00:18:11.541879,538,136128.5,1,0.19071566603524906,538,57,0
2025-05-16T00:18:59.533763,539,50194.5,1,0.1897620877050728,539,45,100
2025-05-16T00:19:46.519396,540,43962.0,1,0.18881327726654742,540,44,100
2025-05-16T00:20:33.710559,541,46295.0,1,0.1878692108802147,541,44,100
2025-05-16T00:21:22.145760,542,47889.5,1,0.1869298648258136,542,45,100
2025-05-16T00:22:48.553403,543,89076.5,1,0.18599521550168455,543,42,100
2025-05-16T00:23:34.370917,544,44890.0,1,0.18506523942417613,544,43,100
2025-05-16T00:24:21.890669,545,50596.0,1,0.18413991322705525,545,44,100
2025-05-16T00:25:05.588741,546,43325.0,1,0.18321921366091998,546,40,100
2025-05-16T00:25:50.602112,547,45926.0,1,0.1823031175926154,547,42,100
2025-05-16T00:26:39.403632,548,50977.5,1,0.18139160200465232,548,46,100
2025-05-16T00:27:24.322113,549,44841.5,1,0.18048464399462905,549,42,100
2025-05-16T00:28:10.180171,550,44233.5,1,0.1795822207746559,550,43,100
2025-05-16T00:28:57.339718,551,49751.0,1,0.17868430967078264,551,44,100
2025-05-16T00:30:20.539756,552,85745.5,1,0.17779088812242871,552,41,100
2025-05-16T00:31:04.280039,553,43267.0,1,0.17690193368181656,553,40,100
2025-05-16T00:32:32.991981,554,94947.5,1,0.17601742401340748,554,42,100
2025-05-16T00:33:23.244817,555,51081.0,1,0.17513733689334043,555,47,98.39285714285714
2025-05-16T00:34:10.681337,556,46400.0,1,0.17426165020887374,556,44,100
2025-05-16T00:34:56.235519,557,45536.0,1,0.17339034195782937,557,42,100
2025-05-16T00:36:26.390801,558,92947.5,1,0.17252339024804023,558,49,100
2025-05-16T00:37:56.489230,559,94986.5,1,0.17166077329680002,559,47,100
2025-05-16T00:38:43.650830,560,50019.0,1,0.17080246943031602,560,44,100
2025-05-16T00:39:34.707197,561,53074.5,1,0.16994845708316444,561,48,100
2025-05-16T00:40:19.482586,562,44764.0,1,0.16909871479774863,562,41,100
2025-05-16T00:41:46.848704,563,89431.0,1,0.16825322122375988,563,43,100
2025-05-16T00:42:36.744735,564,52027.5,1,0.1674119551176411,564,47,100
2025-05-16T00:43:22.155651,565,45781.0,1,0.1665748953420529,565,42,100
2025-05-16T00:44:11.406138,566,51708.5,1,0.16574202086534262,566,46,100
2025-05-16T00:44:55.937841,567,43150.5,1,0.1649133107610159,567,41,100
2025-05-16T00:46:29.995752,568,97779.0,1,0.1640887442072108,568,47,0
2025-05-16T00:47:18.230160,569,48500.0,1,0.16326830048617474,569,45,100
2025-05-16T00:48:21.704565,570,41038.5,0,0.16245195898374387,570,60,27.82828282828283
2025-05-16T00:49:08.511134,571,47917.5,1,0.16163969918882515,571,44,100
2025-05-16T00:50:20.474689,572,10174.5,0,0.16083150069288102,572,69,11.176470588235295
2025-05-16T00:51:06.410639,573,46619.0,1,0.1600273431894166,573,43,100
2025-05-16T00:51:55.055140,574,52930.0,1,0.15922720647346952,574,45,100
2025-05-16T00:52:39.674434,575,44849.0,1,0.15843107044110216,575,41,100
2025-05-16T00:53:26.056243,576,47243.0,1,0.15763891508889666,576,43,100
2025-05-16T00:56:23.702895,577,190572.5,1,0.15685072051345217,577,46,100
2025-05-16T00:57:12.160940,578,49957.5,1,0.1560664669108849,578,45,100
2025-05-16T00:59:09.956623,579,119081.0,1,0.15528613457633048,579,44,100
2025-05-16T00:59:57.926073,580,49936.5,1,0.15450970390344881,580,45,100
2025-05-16T01:00:47.407622,581,49702.0,1,0.15373715538393157,581,46,100
2025-05-16T01:01:37.855265,582,51738.0,1,0.1529684696070119,582,47,100
2025-05-16T01:02:26.827579,583,52860.5,1,0.15220362725897685,583,46,100
2025-05-16T01:03:59.128925,584,99060.5,1,0.15144260912268195,584,42,100
2025-05-16T01:04:46.974958,585,47030.5,1,0.15068539607706855,585,45,100
2025-05-16T01:07:46.806917,586,179622.5,1,0.14993196909668322,586,46,95.82608695652173
2025-05-16T01:08:36.005425,587,45882.5,1,0.1491823092511998,587,45,100
2025-05-16T01:11:53.826673,588,142457.5,1,0.1484363977049438,588,48,100
2025-05-16T01:19:55.724096,589,86660.0,1,0.14769421571641908,589,41,100
2025-05-16T01:20:47.297371,590,52875.0,1,0.14695574463783698,590,48,100
2025-05-16T01:21:38.437183,591,50329.5,1,0.14622096591464778,591,47,100
2025-05-16T01:22:40.606555,592,51151.5,1,0.14548986108507456,592,49,100
2025-05-16T01:23:33.779335,593,44753.5,1,0.14476241177964919,593,42,100
2025-05-16T01:25:05.254888,594,93193.0,1,0.14403859972075095,594,44,100
2025-05-16T01:34:26.005885,595,52619.0,1,0.14331840672214718,595,44,100
2025-05-16T01:39:50.614257,596,49274.0,1,0.14260181468853644,596,46,100
2025-05-16T01:52:34.930062,597,50313.5,1,0.14188880561509376,597,46,100
2025-05-16T02:05:20.731907,598,78781.5,1,0.1411793615870183,598,48,100
2025-05-16T02:23:04.323459,599,30256.5,0,0.1404734647790832,599,60,19.333333333333332
2025-05-16T02:41:43.679598,600,39904.0,0,0.1397710974551878,600,88,24.00871459694989
2025-05-16T03:06:52.704947,601,9131.5,0,0.13907224196791185,601,69,11.108870967741936
2025-05-16T03:31:29.205695,602,76.5,0,0.13837688075807228,602,86,4.577702702702703
2025-05-16T03:54:50.786652,603,1336.5,0,0.1376849963542819,603,95,7.956081081081082
2025-05-16T04:25:36.618067,604,51.0,0,0.1369965713725105,604,223,4.493243243243243
2025-05-16T04:51:40.650766,605,28276.5,0,0.13631158851564795,605,61,18.42809364548495
2025-05-16T05:13:12.462982,606,51.0,0,0.13563003057306972,606,97,4.497041420118343
2025-05-16T05:34:55.838604,607,107.0,0,0.13495188042020437,607,76,4.662162162162162
2025-05-16T06:28:23.980417,607,140838.5,1,0.13495188042020437,607,45,0
2025-05-16T06:29:11.641969,608,50039.0,1,0.13427712101810335,608,44,100
2025-05-16T06:31:21.664173,609,143420.0,1,0.13360573541301282,609,49,100
2025-05-16T06:32:50.316713,610,97035.5,1,0.13293770673594776,610,43,100
2025-05-16T06:33:39.264598,611,55334.5,1,0.13227301820226803,611,46,100
2025-05-16T06:35:08.874671,612,100131.5,1,0.1316116531112567,612,43,100
2025-05-16T06:35:57.878695,613,53723.0,1,0.1309535948457004,613,46,95.0
2025-05-16T06:36:44.833891,614,51807.5,1,0.1302988268714719,614,44,100
2025-05-16T06:37:32.553470,615,48279.0,1,0.12964733273711454,615,45,100
2025-05-16T06:38:18.741655,616,49193.0,1,0.12899909607342896,616,43,100
2025-05-16T06:39:03.396322,617,49286.0,1,0.12835410059306182,617,41,100
2025-05-16T06:39:52.359479,618,54191.5,1,0.1277123300900965,618,46,100
2025-05-16T06:42:00.307907,619,146468.5,1,0.12707376843964602,619,43,100
2025-05-16T06:43:31.274410,620,99872.0,1,0.1264383995974478,620,44,0
2025-05-16T06:44:55.530181,621,91305.5,1,0.12580620759946054,621,46,97.52212389380531
2025-05-16T06:46:40.418123,622,90181.0,1,0.12517717656146324,622,42,0
2025-05-16T06:47:28.493054,623,50303.5,1,0.12455129067865592,623,45,100
2025-05-16T06:51:58.723512,624,244520.0,1,0.12392853422526263,624,47,100
2025-05-16T06:53:27.640301,625,97031.5,1,0.12330889155413632,625,43,0
2025-05-16T06:54:16.996636,626,57590.0,1,0.12269234709636564,626,46,100
2025-05-16T06:57:48.881045,627,242819.0,1,0.12207888536088382,627,50,100
2025-05-16T06:58:42.029745,628,56294.0,1,0.1214684909340794,628,50,100
2025-05-16T07:00:40.294462,629,128844.5,1,0.120861148479409,629,46,100
2025-05-16T07:02:47.562156,630,142922.5,1,0.12025684273701195,630,44,0
2025-05-16T07:03:35.069138,631,51827.0,1,0.11965555852332689,631,44,100
2025-05-16T07:04:23.612367,632,51866.5,1,0.11905728073071026,632,46,100
2025-05-16T07:05:18.900931,633,61916.0,1,0.1184619943270567,633,52,100
2025-05-16T07:06:54.325128,634,105169.0,1,0.11786968435542142,634,47,0
2025-05-16T07:07:46.593690,635,52938.5,1,0.11728033593364431,635,49,100
2025-05-16T07:10:48.321865,636,141251.5,1,0.11669393425397609,636,48,100
2025-05-16T07:11:36.062498,637,51213.5,1,0.11611046458270621,637,45,100
2025-05-16T07:13:15.711357,638,106362.5,1,0.11552991225979269,638,50,0
2025-05-16T07:14:05.577271,639,54911.0,1,0.11495226269849372,639,47,100
2025-05-16T07:16:46.396355,640,176378.5,1,0.11437750138500125,640,43,99.27927927927928
2025-05-16T07:23:23.908019,641,104378.0,1,0.11380561387807624,641,48,100
2025-05-16T07:25:37.380844,642,154707.0,1,0.11323658580868586,642,50,100
2025-05-16T07:27:07.452865,643,97941.5,1,0.11267040287964243,643,45,100
2025-05-16T07:27:55.495256,644,50265.0,1,0.11210705086524422,644,45,100
2025-05-16T07:29:24.357480,645,95338.0,1,0.111546515610918,645,44,100
2025-05-16T07:36:24.314079,646,46446.5,1,0.1109887830328634,646,43,100
2025-05-16T07:37:54.193385,647,96792.5,1,0.11043383911769908,647,48,100
2025-05-16T08:03:02.119530,648,141494.0,1,0.10988166992211058,648,44,100
2025-05-16T08:08:23.424381,649,51337.0,1,0.10933226157250003,649,47,100
2025-05-16T08:09:19.767320,650,47785.5,1,0.10878560026463753,650,53,100
2025-05-16T08:10:13.975828,651,52592.0,1,0.10824167226331434,651,51,100
2025-05-16T08:12:36.601015,652,153724.0,1,0.10770046390199776,652,50,100
2025-05-16T08:20:40.787535,653,50306.5,1,0.10716196158248778,653,47,100
2025-05-16T08:22:14.431207,654,103512.5,1,0.10662615177457534,654,47,100
2025-05-16T08:26:55.251091,655,232201.0,1,0.10609302101570246,655,45,100
2025-05-16T08:28:13.506671,656,83795.5,1,0.10556255591062395,656,49,100
2025-05-16T08:29:06.790452,657,57482.0,1,0.10503474313107083,657,50,100
2025-05-16T08:33:27.801942,658,291822.0,1,0.10450956941541548,658,50,100
2025-05-16T08:34:17.821546,659,52676.5,1,0.1039870215683384,659,47,100
2025-05-16T08:36:43.698830,660,54885.5,1,0.10346708646049671,660,50,100
2025-05-16T09:46:19.912299,661,137144.0,1,0.10294975102819423,661,50,100
2025-05-16T09:47:15.849748,662,54660.5,1,0.10243500227305326,662,53,100
2025-05-16T09:48:08.475212,663,52895.0,1,0.10192282726168798,663,49,100
2025-05-16T09:49:49.780047,664,107304.5,1,0.10141321312537954,664,54,100
2025-05-16T09:50:53.040993,665,62241.0,0,0.10090614705975265,665,60,76.52777777777777
2025-05-16T09:51:46.978868,666,52615.0,1,0.10040161632445388,666,50,100
2025-05-16T09:53:26.066319,667,105284.5,1,0.1,667,52,100
2025-05-16T09:54:17.748505,668,46710.5,1,0.24875,668,48,100
2025-05-16T09:55:06.981717,669,50286.5,1,0.24750625,669,46,98.39285714285714
2025-05-16T09:56:30.028579,670,90287.5,1,0.24626871875,670,42,100
2025-05-16T09:57:18.006647,671,45028.5,1,0.24503737515625001,671,45,100
2025-05-16T09:58:05.148948,672,45930.0,1,0.24381218828046877,672,44,100
2025-05-16T09:58:53.610529,673,46059.0,1,0.24259312733906643,673,44,100
2025-05-16T09:59:38.855611,674,44456.0,1,0.2413801617023711,674,42,100
2025-05-16T10:01:42.706599,675,131293.0,1,0.24017326089385924,675,44,0
2025-05-16T10:03:10.230641,676,85446.0,1,0.23897239458938993,676,39,99.27927927927928
2025-05-16T10:04:00.764613,677,47765.5,1,0.23777753261644297,677,47,100
2025-05-16T10:04:57.223068,678,44675.5,1,0.23658864495336074,678,53,100
2025-05-16T10:05:43.174168,679,44419.5,1,0.23540570172859393,679,42,100
2025-05-16T10:06:29.877398,680,44335.0,1,0.23422867321995097,680,43,100
2025-05-16T10:07:16.991093,681,45020.5,1,0.23305752985385123,681,43,98.39285714285714
2025-05-16T10:08:07.714165,682,47181.5,1,0.23189224220458196,682,48,98.39285714285714
2025-05-16T10:08:54.379143,683,42957.0,1,0.23073278099355904,683,43,100
2025-05-16T10:09:40.140602,684,44670.5,1,0.22957911708859124,684,43,100
2025-05-16T10:10:23.885680,685,42305.0,1,0.2284312215031483,685,40,100
2025-05-16T10:11:09.497037,686,46054.0,1,0.22728906539563254,686,43,100
2025-05-16T10:11:57.927517,687,47037.0,1,0.2261526200686544,687,45,100
2025-05-16T10:12:45.881905,688,47661.5,1,0.22502185696831112,688,45,100
2025-05-16T10:13:36.845520,689,49039.5,1,0.22389674768346957,689,48,100
2025-05-16T10:14:22.341336,690,44937.5,1,0.2227772639450522,690,42,99.27272727272727
2025-05-16T10:15:08.854081,691,41481.0,1,0.22166337762532695,691,43,100
2025-05-16T10:15:50.929524,692,42963.0,1,0.22055506073720033,692,39,100
2025-05-16T10:16:37.258184,693,46008.0,1,0.21945228543351433,693,43,100
2025-05-16T10:17:25.142887,694,48796.5,1,0.21835502400634677,694,45,100
2025-05-16T10:18:10.383558,695,46514.5,1,0.21726324888631504,695,42,100
2025-05-16T11:09:19.827972,696,90988.0,1,0.21617693264188345,696,47,100
2025-05-16T11:10:08.624486,697,45675.0,1,0.21509604797867404,697,46,100
2025-05-16T11:10:58.223990,698,49191.0,1,0.21402056773878067,698,46,100
2025-05-16T11:12:23.363426,699,89698.5,1,0.21295046490008676,699,42,100
2025-05-16T11:13:49.658391,700,90738.0,1,0.21188571257558633,700,43,100
2025-05-16T11:14:39.335907,701,48042.0,1,0.2108262840127084,701,47,96.66666666666667
2025-05-16T11:15:27.369569,702,50064.5,1,0.20977215259264484,702,44,100
2025-05-16T11:16:17.025097,703,49029.0,1,0.2087232918296816,703,46,98.39285714285714
2025-05-16T11:17:05.573214,704,44947.0,1,0.2076796753705332,704,45,100
2025-05-16T11:17:51.310443,705,44313.5,1,0.20664127699368054,705,42,100
2025-05-16T11:19:06.630738,706,79533.0,1,0.20560807060871214,706,43,100
2025-05-16T11:19:52.901997,707,48348.5,1,0.20458003025566857,707,43,100
2025-05-16T11:20:41.110336,708,50165.5,1,0.20355713010439022,708,45,100
2025-05-16T11:21:44.053796,709,35086.5,0,0.20253934445386826,709,60,23.4468085106383
2025-05-16T11:22:27.951149,710,45403.5,1,0.20152664773159892,710,41,100
2025-05-16T11:23:10.146112,711,42990.5,1,0.20051901449294093,711,39,100
2025-05-16T11:23:54.918564,712,45979.0,1,0.19951641942047624,712,42,100
2025-05-16T11:24:54.748261,713,52118.0,1,0.19851883732337386,713,57,100
2025-05-16T11:25:40.218729,714,44419.5,1,0.19752624313675698,714,42,100
2025-05-16T11:26:24.845132,715,45957.5,1,0.1965386119210732,715,42,100
2025-05-16T11:27:11.164534,716,45593.0,1,0.19555591886146784,716,43,100
2025-05-16T11:27:59.701426,717,49800.0,1,0.1945781392671605,717,45,100
2025-05-16T11:28:47.295876,718,50556.5,1,0.1936052485708247,718,44,100
2025-05-16T11:29:31.906260,719,45819.5,1,0.19263722232797056,719,41,100
2025-05-16T11:30:13.505174,720,42579.0,1,0.19167403621633072,720,38,100
2025-05-16T11:30:58.745119,721,43560.5,1,0.19071566603524906,721,42,98.39285714285714
2025-05-16T11:31:41.669474,722,44384.5,1,0.1897620877050728,722,40,100
2025-05-16T11:32:30.536502,723,48781.0,1,0.18881327726654742,723,46,100
2025-05-16T11:33:16.187294,724,47281.5,1,0.1878692108802147,724,43,100
2025-05-16T11:34:04.749375,725,54292.0,1,0.1869298648258136,725,45,99.27927927927928
2025-05-16T11:34:50.113569,726,46066.0,1,0.18599521550168455,726,42,100
2025-05-16T11:35:35.878734,727,46190.5,1,0.18506523942417613,727,43,100
2025-05-16T11:36:55.955448,728,85902.0,1,0.18413991322705525,728,42,100
2025-05-16T11:37:44.605653,729,45616.0,1,0.18321921366091998,729,45,100
2025-05-16T11:38:38.481300,730,53367.5,1,0.1823031175926154,730,50,100
2025-05-16T11:39:26.145921,731,51016.5,1,0.18139160200465232,731,44,100
2025-05-16T11:40:16.829554,732,43614.0,1,0.18048464399462905,732,47,100
2025-05-16T11:41:05.989205,733,51579.0,1,0.1795822207746559,733,46,100
2025-05-16T11:41:53.499381,734,47223.0,1,0.17868430967078264,734,44,100
2025-05-16T11:42:38.488534,735,45926.5,1,0.17779088812242871,735,42,100
2025-05-16T11:43:24.408135,736,48721.0,1,0.17690193368181656,736,43,100
2025-05-16T11:44:15.502514,737,52679.0,1,0.17601742401340748,737,48,100
2025-05-16T11:45:38.867726,738,88369.0,1,0.17513733689334043,738,40,100
2025-05-16T11:46:28.942528,739,50605.5,1,0.17426165020887374,739,47,100
2025-05-16T11:47:23.943651,740,52492.5,1,0.17339034195782937,740,52,100
2025-05-16T11:49:15.022419,740,52619.0,1,0.17339034195782937,740,53,100
2025-05-16T11:49:57.238965,741,47036.5,1,0.17252339024804023,741,39,100
2025-05-16T11:51:16.053416,742,86596.5,1,0.17166077329680002,742,41,100
2025-05-16T11:52:01.664155,743,49410.0,1,0.17080246943031602,743,43,100
2025-05-16T11:52:49.130562,744,52041.0,1,0.16994845708316444,744,45,100
2025-05-16T11:53:33.052869,745,48581.5,1,0.16909871479774863,745,41,100
2025-05-16T11:55:36.109951,746,138697.5,1,0.16825322122375988,746,45,100
2025-05-16T11:56:22.496531,747,49989.0,1,0.1674119551176411,747,43,100
2025-05-16T11:57:09.636562,748,51935.0,1,0.1665748953420529,748,44,100
2025-05-16T11:59:46.455371,749,168868.5,1,0.16574202086534262,749,42,0
2025-05-16T12:00:33.005834,750,47925.5,1,0.1649133107610159,750,43,100
2025-05-16T12:01:19.465357,751,48949.5,1,0.1640887442072108,751,43,100
2025-05-16T12:02:03.397339,752,45083.5,1,0.16326830048617474,752,41,100
2025-05-16T12:02:50.574675,753,53637.0,1,0.16245195898374387,753,44,100
2025-05-16T12:04:14.620355,754,91734.5,1,0.16163969918882515,754,42,99.27272727272727
2025-05-16T12:05:02.790099,755,51059.0,1,0.16083150069288102,755,45,100
2025-05-16T12:06:29.726991,756,90299.5,1,0.1600273431894166,756,43,97.52212389380531
2025-05-16T12:07:14.615287,757,48322.5,1,0.15922720647346952,757,42,100
2025-05-16T12:08:01.220657,758,51517.0,1,0.15843107044110216,758,43,100
2025-05-16T12:08:45.172486,759,45528.0,1,0.15763891508889666,759,41,100
2025-05-16T12:09:31.259546,760,47287.5,1,0.15685072051345217,760,43,100
2025-05-16T12:10:19.019751,761,51628.0,1,0.1560664669108849,761,44,100
2025-05-16T12:11:43.039708,762,89931.0,1,0.15528613457633048,762,42,100
2025-05-16T12:12:30.734717,763,50297.5,1,0.15450970390344881,763,44,100
2025-05-16T12:13:53.848060,764,85811.5,1,0.15373715538393157,764,41,100
2025-05-16T12:15:29.468959,765,88596.5,1,0.1529684696070119,765,47,100
2025-05-16T12:17:40.094392,766,136689.0,1,0.15220362725897685,766,44,100
2025-05-16T12:18:28.845485,767,50897.5,1,0.15144260912268195,767,45,100
2025-05-16T12:19:44.053293,768,77360.0,1,0.15068539607706855,768,47,100
2025-05-16T12:20:34.972620,769,53723.0,1,0.14993196909668322,769,48,100
2025-05-16T12:21:28.499950,770,52789.0,1,0.1491823092511998,770,49,100
2025-05-16T12:22:51.075640,771,84577.5,1,0.1484363977049438,771,42,100
2025-05-16T12:23:41.473656,772,53268.0,1,0.14769421571641908,772,47,100
2025-05-16T12:24:33.505108,773,51461.5,1,0.14695574463783698,773,49,100
2025-05-16T12:25:57.822068,774,94287.0,1,0.14622096591464778,774,43,100
2025-05-16T12:26:47.982431,775,53236.0,1,0.14548986108507456,775,47,100
2025-05-16T12:27:42.342443,776,49490.5,1,0.14476241177964919,776,51,100
2025-05-16T12:28:26.295731,777,47350.0,1,0.14403859972075095,777,41,100
2025-05-16T12:29:49.414153,778,93060.5,1,0.14331840672214718,778,42,100
2025-05-16T12:31:55.851519,779,140064.5,1,0.14260181468853644,779,42,0
2025-05-16T12:32:39.010350,780,47347.5,1,0.14188880561509376,780,40,100
2025-05-16T12:34:47.046662,781,145059.0,1,0.1411793615870183,781,47,100
2025-05-16T12:35:35.577210,782,52270.0,1,0.1404734647790832,782,45,100
2025-05-16T12:37:06.319916,783,96852.0,1,0.1397710974551878,783,50,100
2025-05-16T12:37:55.825940,784,53237.0,1,0.13907224196791185,784,46,100
2025-05-16T12:39:24.959514,785,101488.5,1,0.13837688075807228,785,44,100
2025-05-16T12:40:53.352778,786,96441.0,1,0.1376849963542819,786,45,0
2025-05-16T12:42:24.590366,787,102730.5,1,0.1369965713725105,787,46,0
2025-05-16T12:43:14.544049,788,53657.5,1,0.13631158851564795,788,47,100
2025-05-16T12:44:03.065673,789,51182.5,1,0.13563003057306972,789,45,100
2025-05-16T12:45:33.230903,790,101285.5,1,0.13495188042020437,790,47,100
2025-05-16T12:47:37.873915,791,137068.5,1,0.13427712101810335,791,43,100
2025-05-16T12:48:20.877366,792,46184.5,1,0.13360573541301282,792,40,100
2025-05-16T12:49:08.513049,793,50239.5,1,0.13293770673594776,793,44,100
2025-05-16T12:50:34.491132,794,98853.0,1,0.13227301820226803,794,43,100
2025-05-16T12:51:26.364076,795,50233.0,1,0.1316116531112567,795,49,100
2025-05-16T12:53:25.196089,796,130385.0,1,0.1309535948457004,796,41,100
2025-05-16T12:54:14.300350,797,53165.5,1,0.1302988268714719,797,46,100
2025-05-16T12:57:50.017366,798,226512.5,1,0.12964733273711454,798,59,100
2025-05-16T12:58:36.514331,799,50018.5,1,0.12899909607342896,799,43,100
2025-05-16T13:00:02.167170,800,93621.5,1,0.12835410059306182,800,45,100
2025-05-16T13:00:48.568788,801,47508.0,1,0.1277123300900965,801,43,100
2025-05-16T13:01:35.711944,802,51001.0,1,0.12707376843964602,802,44,100
2025-05-16T13:02:58.205560,803,90108.5,1,0.1264383995974478,803,44,100
2025-05-16T13:03:45.180796,804,49887.5,1,0.12580620759946054,804,44,100
2025-05-16T13:04:32.155864,805,48864.5,1,0.12517717656146324,805,44,100
2025-05-16T13:05:22.026764,806,54908.0,1,0.12455129067865592,806,47,100
2025-05-16T13:06:08.225752,807,47447.5,1,0.12392853422526263,807,43,100
2025-05-16T13:07:19.920573,808,77427.0,1,0.12330889155413632,808,43,100
2025-05-16T13:11:08.893665,809,251154.5,1,0.12269234709636564,809,48,0
2025-05-16T13:12:31.933642,810,88559.0,1,0.12207888536088382,810,48,100
2025-05-16T13:14:10.494595,811,97470.5,1,0.1214684909340794,811,54,100
2025-05-16T13:15:48.099808,812,100986.5,1,0.120861148479409,812,49,100
2025-05-16T13:16:39.457781,813,54617.0,1,0.12025684273701195,813,48,100
2025-05-16T13:18:16.131129,814,105292.5,1,0.11965555852332689,814,48,100
2025-05-16T13:20:44.269916,815,146491.5,1,0.11905728073071026,815,50,0
2025-05-16T13:21:30.922013,816,48594.0,1,0.1184619943270567,816,44,100
2025-05-16T13:22:22.241632,817,50506.5,1,0.11786968435542142,817,48,100
2025-05-16T13:23:15.829465,818,57805.0,1,0.11728033593364431,818,50,100
2025-05-16T13:24:18.752996,819,61739.5,1,0.11669393425397609,819,60,100
2025-05-16T13:25:14.952709,820,53878.0,1,0.11611046458270621,820,53,100
2025-05-16T13:26:08.598943,821,53512.0,1,0.11552991225979269,821,50,100
2025-05-16T13:27:00.479585,822,52967.5,1,0.11495226269849372,822,48,100
2025-05-16T13:28:03.584200,823,36930.5,0,0.11437750138500125,823,60,22.863070539419088
2025-05-16T13:28:50.982988,824,44131.5,1,0.11380561387807624,824,44,100
2025-05-16T13:29:46.118240,825,55159.0,1,0.11323658580868586,825,52,100
2025-05-16T13:31:15.780499,826,87611.5,1,0.11267040287964243,826,44,100
2025-05-16T13:33:42.274271,827,155362.5,1,0.11210705086524422,827,49,100
2025-05-16T13:34:37.710511,828,51430.0,1,0.111546515610918,828,52,100
2025-05-16T13:36:11.599473,829,99691.0,1,0.1109887830328634,829,49,100
2025-05-16T13:37:04.580939,830,54562.0,1,0.11043383911769908,830,50,100
2025-05-16T13:37:59.184481,831,54358.5,1,0.10988166992211058,831,51,100
2025-05-16T13:38:49.949254,832,54187.5,1,0.10933226157250003,832,48,100
2025-05-16T13:40:32.395988,833,101450.5,1,0.10878560026463753,833,57,100
2025-05-16T13:41:31.251724,834,54580.0,1,0.10824167226331434,834,56,100
2025-05-16T13:42:28.570259,835,52474.5,1,0.10770046390199776,835,54,100
2025-05-16T13:44:37.512649,836,131964.0,1,0.10716196158248778,836,48,100
2025-05-16T13:46:05.130369,837,92712.0,1,0.10662615177457534,837,48,100
2025-05-16T13:46:56.256707,838,48664.5,1,0.10609302101570246,838,48,100
2025-05-16T13:47:47.282217,839,48697.5,1,0.10556255591062395,839,48,100
2025-05-16T13:48:50.966166,840,64182.5,0,0.10503474313107083,840,60,86.09375
2025-05-16T13:52:44.183603,841,246605.0,1,0.10450956941541548,841,51,100
2025-05-16T13:53:33.447651,842,53131.0,1,0.1039870215683384,842,46,100
2025-05-16T13:55:39.671104,843,128812.0,1,0.10346708646049671,843,59,100
2025-05-16T13:57:26.376223,844,54741.0,0,0.10294975102819423,844,61,10.80392156862745
2025-05-16T13:58:29.893265,845,47002.0,0,0.10243500227305326,845,60,25.687645687645688
2025-05-16T13:59:22.880237,846,58042.5,1,0.10192282726168798,846,49,100
2025-05-16T14:01:58.450418,847,155498.5,1,0.10141321312537954,847,55,100
2025-05-16T14:05:59.535368,848,246470.5,1,0.10090614705975265,848,58,100
2025-05-16T14:09:12.895173,849,203272.5,1,0.10040161632445388,849,48,100
2025-05-16T14:10:06.372110,850,53166.5,1,0.1,850,50,100
2025-05-16T14:10:56.348374,851,44660.5,1,0.24875,851,47,100
2025-05-16T14:12:34.105530,852,97716.0,1,0.24750625,852,48,0
2025-05-16T14:13:20.073002,853,45652.0,1,0.24626871875,853,43,100
2025-05-16T14:14:05.021081,854,45769.5,1,0.24503737515625001,854,42,100
2025-05-16T14:14:48.039362,855,40864.5,1,0.24381218828046877,855,40,100
2025-05-16T14:15:32.892995,856,41835.5,1,0.24259312733906643,856,41,100
2025-05-16T14:16:58.848752,857,87746.0,1,0.2413801617023711,857,43,100
2025-05-16T14:17:44.596573,858,45020.5,1,0.24017326089385924,858,42,100
2025-05-16T14:19:05.836969,859,82141.5,1,0.23897239458938993,859,43,100
2025-05-16T14:19:54.864398,860,47903.0,1,0.23777753261644297,860,46,100
2025-05-16T14:20:44.225746,861,46942.5,1,0.23658864495336074,861,46,100
2025-05-16T14:21:28.721287,862,43236.0,1,0.23540570172859393,862,41,100
2025-05-16T14:22:13.868171,863,47036.0,1,0.23422867321995097,863,41,99.27927927927928
2025-05-16T14:22:57.917714,864,41077.0,1,0.23305752985385123,864,41,99.27927927927928
2025-05-16T14:25:10.328298,865,124789.0,1,0.23189224220458196,865,49,100
2025-05-16T14:58:10.009331,865,46747.5,1,0.23189224220458196,865,46,100
2025-05-16T14:58:54.297542,866,45184.5,1,0.23073278099355904,866,41,100
2025-05-16T14:59:40.530143,867,45149.0,1,0.22957911708859124,867,43,100
2025-05-16T15:00:26.455715,868,46881.0,1,0.2284312215031483,868,43,100
2025-05-16T15:01:10.649322,869,46371.0,1,0.22728906539563254,869,41,100
2025-05-16T15:01:52.036466,870,41425.5,1,0.2261526200686544,870,38,96.63716814159292
2025-05-16T15:02:34.027918,871,43085.5,1,0.22502185696831112,871,39,100
2025-05-16T15:03:16.183483,872,44193.0,1,0.22389674768346957,872,39,100
2025-05-16T15:03:58.083841,873,42690.5,1,0.2227772639450522,873,39,100
2025-05-16T15:04:46.425369,874,50268.5,1,0.22166337762532695,874,45,100
2025-05-16T15:05:31.792222,875,48149.0,1,0.22055506073720033,875,42,100
2025-05-16T15:06:18.302733,876,49118.0,1,0.21945228543351433,876,43,96.66666666666667
2025-05-16T15:07:03.161298,877,44416.5,1,0.21835502400634677,877,42,100
2025-05-16T15:07:46.270977,878,44587.5,1,0.21726324888631504,878,40,100
2025-05-16T15:08:34.423189,879,52041.0,1,0.21617693264188345,879,45,99.27927927927928
2025-05-16T15:09:53.163978,880,82525.5,1,0.21509604797867404,880,39,100
2025-05-16T15:10:39.493661,881,49337.5,1,0.21402056773878067,881,43,100
2025-05-16T15:11:21.036003,882,41707.0,1,0.21295046490008676,882,38,100
2025-05-16T15:12:12.891605,883,56005.0,1,0.21188571257558633,883,49,100
2025-05-16T15:12:59.107965,884,48276.5,1,0.2108262840127084,884,43,100
2025-05-16T15:13:44.106910,885,46294.0,1,0.20977215259264484,885,42,100
2025-05-16T15:14:26.585588,886,42191.5,1,0.2087232918296816,886,39,100
2025-05-16T15:15:11.953707,887,45443.0,1,0.2076796753705332,887,42,100
2025-05-16T15:15:55.885480,888,47311.5,1,0.20664127699368054,888,41,100
2025-05-16T15:16:39.434014,889,44605.5,1,0.20560807060871214,889,40,100
2025-05-16T15:17:25.679389,890,49190.5,1,0.20458003025566857,890,43,100
2025-05-16T15:18:12.221211,891,49286.0,1,0.20355713010439022,891,43,100
2025-05-16T15:18:54.344758,892,44586.0,1,0.20253934445386826,892,39,99.27927927927928
2025-05-16T15:20:05.087845,893,74999.5,1,0.20152664773159892,893,37,100
2025-05-16T15:20:52.956065,894,49895.0,1,0.20051901449294093,894,44,100
2025-05-16T15:21:38.397356,895,48343.5,1,0.19951641942047624,895,42,100
2025-05-16T15:22:23.585490,896,45440.0,1,0.19851883732337386,896,42,100
2025-05-16T15:23:10.197059,897,48947.5,1,0.19752624313675698,897,43,100
2025-05-16T15:23:52.821145,898,43352.0,1,0.1965386119210732,898,39,100
2025-05-16T15:25:18.347927,899,89170.5,1,0.19555591886146784,899,43,100
2025-05-16T15:26:06.403392,900,44591.0,1,0.1945781392671605,900,45,100
2025-05-16T15:26:57.019555,901,46802.0,1,0.1936052485708247,901,46,100
2025-05-16T15:27:43.701606,902,45591.5,1,0.19263722232797056,902,43,100
2025-05-16T15:28:28.131789,903,43730.5,1,0.19167403621633072,903,41,100
2025-05-16T15:29:13.171921,904,43534.0,1,0.19071566603524906,904,41,100
2025-05-16T15:30:10.832905,905,52024.0,1,0.1897620877050728,905,54,100
2025-05-16T15:30:55.080824,906,41580.5,1,0.18881327726654742,906,40,100
2025-05-16T15:31:41.045561,907,45605.0,1,0.1878692108802147,907,42,100
2025-05-16T15:32:38.498682,908,50747.0,1,0.1869298648258136,908,54,100
2025-05-16T15:33:28.039099,909,49969.5,1,0.18599521550168455,909,46,100
2025-05-16T15:34:19.359442,910,49788.0,1,0.18506523942417613,910,47,100
2025-05-16T15:35:08.744882,911,48793.0,1,0.18413991322705525,911,46,100
2025-05-16T15:36:43.165227,912,90610.0,1,0.18321921366091998,912,48,0
2025-05-16T15:37:36.875361,913,50410.5,1,0.1823031175926154,913,50,100
2025-05-16T15:38:52.069578,914,83165.0,1,0.18139160200465232,914,43,100
2025-05-16T15:40:57.199976,915,134579.0,1,0.18048464399462905,915,42,0
2025-05-16T15:41:41.708189,916,47772.5,1,0.1795822207746559,916,41,100
2025-05-16T15:42:27.861863,917,48047.5,1,0.17868430967078264,917,43,100
2025-05-16T15:43:13.791357,918,50247.5,1,0.17779088812242871,918,43,100
2025-05-16T15:43:59.351359,919,48656.5,1,0.17690193368181656,919,42,100
2025-05-16T15:44:41.604529,920,42280.5,1,0.17601742401340748,920,39,100
2025-05-16T15:45:26.218820,921,47656.5,1,0.17513733689334043,921,41,100
2025-05-16T15:46:11.812112,922,49550.0,1,0.17426165020887374,922,42,100
2025-05-16T15:46:56.488335,923,47535.5,1,0.17339034195782937,923,42,100
2025-05-16T15:47:43.329706,924,48679.0,1,0.17252339024804023,924,44,100
2025-05-16T15:48:28.747362,925,50712.0,1,0.17166077329680002,925,42,100
2025-05-16T15:49:16.721757,926,54255.5,1,0.17080246943031602,926,45,100
2025-05-16T15:49:58.247622,927,42470.0,1,0.16994845708316444,927,38,100
2025-05-16T15:50:47.706204,928,51431.0,1,0.16909871479774863,928,46,100
2025-05-16T15:51:30.084976,929,43814.5,1,0.16825322122375988,929,39,100
2025-05-16T15:52:57.272274,930,97232.5,1,0.1674119551176411,930,43,100
2025-05-16T15:53:44.008234,931,49285.0,1,0.1665748953420529,931,44,100
2025-05-16T15:54:28.051415,932,47081.0,1,0.16574202086534262,932,41,100
2025-05-16T15:55:09.802658,933,43316.0,1,0.1649133107610159,933,38,100
2025-05-16T15:56:38.404492,934,97063.0,1,0.1640887442072108,934,43,0
2025-05-16T15:57:28.636362,935,51905.5,1,0.16326830048617474,935,47,100
2025-05-16T15:58:52.381857,936,90710.0,1,0.16245195898374387,936,40,100
2025-05-16T16:00:16.994441,937,91678.0,1,0.16163969918882515,937,40,100
2025-05-16T16:01:04.713501,938,51858.0,1,0.16083150069288102,938,45,100
2025-05-16T16:01:59.624958,939,49009.5,1,0.1600273431894166,939,52,100
2025-05-16T16:02:59.955032,940,53768.5,1,0.15922720647346952,940,57,100
2025-05-16T16:03:43.391905,941,42892.0,1,0.15843107044110216,941,40,100
2025-05-16T16:04:26.029138,942,45119.0,1,0.15763891508889666,942,40,100
2025-05-16T16:05:14.076850,943,51342.5,1,0.15685072051345217,943,45,100
2025-05-16T16:06:01.290322,944,49512.5,1,0.1560664669108849,944,44,100
2025-05-16T16:07:34.198236,945,102898.5,1,0.15528613457633048,945,44,0
2025-05-16T16:09:02.169922,946,93046.5,1,0.15450970390344881,946,44,0
2025-05-16T16:09:50.731163,947,51732.5,1,0.15373715538393157,947,45,100
2025-05-16T16:10:36.087838,948,48087.5,1,0.1529684696070119,948,42,100
2025-05-16T16:12:04.382239,949,93705.5,1,0.15220362725897685,949,44,100
2025-05-16T16:12:52.951548,950,51581.0,1,0.15144260912268195,950,45,100
2025-05-16T16:13:38.374792,951,48194.0,1,0.15068539607706855,951,42,100
2025-05-16T16:14:24.895665,952,48397.5,1,0.14993196909668322,952,43,100
2025-05-16T16:16:28.939283,953,135156.0,1,0.1491823092511998,953,41,100
2025-05-16T16:17:14.829246,954,46360.5,1,0.1484363977049438,954,43,100
2025-05-16T16:18:00.570140,955,48479.0,1,0.14769421571641908,955,43,100
2025-05-16T16:20:05.256717,956,132162.5,1,0.14695574463783698,956,41,0
2025-05-16T16:20:49.327297,957,48173.0,1,0.14622096591464778,957,41,100
2025-05-16T16:22:18.993432,958,98197.5,1,0.14548986108507456,958,44,100
2025-05-16T16:23:05.738233,959,49411.5,1,0.14476241177964919,959,43,100
2025-05-16T16:23:52.568976,960,49602.0,1,0.14403859972075095,960,44,100
2025-05-16T16:24:40.108605,961,48859.0,1,0.14331840672214718,961,44,99.27927927927928
2025-05-16T16:25:29.887551,962,51858.5,1,0.14260181468853644,962,46,100
2025-05-16T16:26:16.035897,963,50655.0,1,0.14188880561509376,963,43,100
2025-05-16T16:27:36.707513,964,86225.0,1,0.1411793615870183,964,44,100
2025-05-16T16:28:56.886391,965,85902.5,1,0.1404734647790832,965,41,100
2025-05-16T16:29:43.390096,966,48164.5,1,0.1397710974551878,966,43,100
2025-05-16T16:30:31.976768,967,51564.0,1,0.13907224196791185,967,45,100
2025-05-16T16:32:04.826629,968,102370.5,1,0.13837688075807228,968,44,0
2025-05-16T16:33:47.570951,969,93001.5,1,0.1376849963542819,969,46,100
2025-05-16T16:34:37.609100,970,54161.0,1,0.1369965713725105,970,47,100
2025-05-16T16:35:22.746764,971,46453.5,1,0.13631158851564795,971,42,100
2025-05-16T16:36:11.418268,972,51914.5,1,0.13563003057306972,972,45,100
2025-05-16T16:37:01.407765,973,52404.0,1,0.13495188042020437,973,47,100
2025-05-16T16:38:29.566446,974,99647.5,1,0.13427712101810335,974,49,100
2025-05-16T16:39:55.849661,975,94201.5,1,0.13360573541301282,975,42,100
2025-05-16T16:41:16.827910,976,85833.0,1,0.13293770673594776,976,40,100
2025-05-16T16:42:06.666670,977,54744.0,1,0.13227301820226803,977,47,100
2025-05-16T16:43:38.418078,978,106263.0,1,0.1316116531112567,978,42,100
2025-05-16T16:44:26.793931,979,54130.5,1,0.1309535948457004,979,45,100
2025-05-16T16:45:12.610220,980,47706.0,1,0.1302988268714719,980,43,100
2025-05-16T16:46:38.644593,981,92205.5,1,0.12964733273711454,981,44,100
2025-05-16T16:47:28.777314,982,54748.0,1,0.12899909607342896,982,47,100
2025-05-16T16:48:15.620613,983,47993.5,1,0.12835410059306182,983,44,100
2025-05-16T16:49:00.591504,984,46783.5,1,0.1277123300900965,984,42,100
2025-05-16T16:49:50.455477,985,52303.0,1,0.12707376843964602,985,47,100
2025-05-16T16:50:40.233773,986,52238.5,1,0.1264383995974478,986,47,100
2025-05-16T16:52:52.576960,987,147690.0,1,0.12580620759946054,987,48,0
2025-05-16T16:53:44.670438,988,57568.0,1,0.12517717656146324,988,49,100
2025-05-16T16:54:31.610642,989,49392.5,1,0.12455129067865592,989,44,100
2025-05-16T16:55:21.096786,990,50858.5,1,0.12392853422526263,990,46,100
2025-05-16T16:58:12.855757,991,187641.0,1,0.12330889155413632,991,49,100
2025-05-16T17:00:24.970986,992,146441.0,1,0.12269234709636564,992,44,100
2025-05-16T17:01:15.324061,993,54268.0,1,0.12207888536088382,993,47,100
2025-05-16T17:02:02.329536,994,47337.5,1,0.1214684909340794,994,44,100
2025-05-16T17:03:05.337644,995,46770.0,0,0.120861148479409,995,60,38.397212543554005
2025-05-16T17:04:35.921815,996,94271.5,1,0.12025684273701195,996,44,100
2025-05-16T17:05:41.321041,997,22525.0,0,0.11965555852332689,997,62,16.277695716395865
2025-05-16T17:06:28.362846,998,50835.5,1,0.11905728073071026,998,44,100
2025-05-16T17:09:31.089801,999,201191.0,1,0.1184619943270567,999,48,100
2025-05-16T17:12:41.815546,1000,207965.0,1,0.11786968435542142,1000,49,100
2025-05-16T17:13:27.263276,1001,49050.5,1,0.11728033593364431,1001,42,100
2025-05-16T17:14:18.549645,1002,53351.5,1,0.11669393425397609,1002,48,100
2025-05-16T17:15:11.130018,1003,56648.5,1,0.11611046458270621,1003,50,100
2025-05-16T17:16:38.606796,1004,93001.5,1,0.11552991225979269,1004,49,100
2025-05-16T17:18:47.290646,1005,143603.5,1,0.11495226269849372,1005,49,100
2025-05-16T17:19:42.473350,1006,61356.0,1,0.11437750138500125,1006,52,100
2025-05-16T17:20:32.180620,1007,54909.5,1,0.11380561387807624,1007,46,100
2025-05-16T17:22:43.252963,1008,144270.5,1,0.11323658580868586,1008,45,100
2025-05-16T17:24:53.961419,1009,140753.0,1,0.11267040287964243,1009,42,100
2025-05-16T17:28:58.242914,1010,230465.5,1,0.11210705086524422,1010,53,100
2025-05-16T17:36:54.481081,1011,101359.5,1,0.111546515610918,1011,54,100
2025-05-16T17:37:48.885654,1012,52123.5,1,0.1109887830328634,1012,46,100
2025-05-16T17:39:11.756786,1013,60865.0,1,0.11043383911769908,1013,54,100
2025-05-16T17:44:06.916824,1014,265759.0,0,0.10988166992211058,1014,61,20.146252285191956
2025-05-16T18:08:57.082481,1015,134266.5,0,0.10933226157250003,1015,64,55.1
2025-05-16T18:15:21.367193,1015,100461.0,1,0.10933226157250003,1015,49,100
2025-05-16T18:16:50.023192,1016,98792.0,1,0.10878560026463753,1016,41,0
2025-05-16T18:19:36.264964,1017,187008.5,1,0.10824167226331434,1017,42,0
2025-05-16T18:20:25.756658,1018,56957.5,1,0.10770046390199776,1018,47,100
2025-05-16T18:21:18.976975,1019,58365.5,1,0.10716196158248778,1019,50,100
2025-05-16T18:22:06.941832,1020,51941.0,1,0.10662615177457534,1020,45,100
2025-05-16T18:24:13.556559,1021,140892.5,1,0.10609302101570246,1021,48,100
2025-05-16T18:25:40.967279,1022,97276.5,1,0.10556255591062395,1022,41,100
2025-05-16T18:26:34.352396,1023,59355.0,1,0.10503474313107083,1023,50,100
2025-05-16T18:27:20.560338,1024,48278.5,1,0.10450956941541548,1024,43,100
2025-05-16T18:28:09.891278,1025,54727.5,1,0.1039870215683384,1025,46,100
2025-05-16T18:32:00.318359,1026,259679.0,1,0.10346708646049671,1026,47,100
2025-05-16T18:34:18.438198,1027,153260.5,1,0.10294975102819423,1027,47,100
2025-05-16T18:35:06.379252,1028,51881.0,1,0.10243500227305326,1028,45,100
2025-05-16T18:38:37.313649,1029,238214.0,1,0.10192282726168798,1029,48,100
2025-05-16T18:40:56.728228,1030,163874.5,1,0.10141321312537954,1030,48,100
2025-05-16T18:42:26.680629,1031,96150.5,1,0.10090614705975265,1031,47,100
2025-05-16T18:43:16.732558,1032,53559.5,1,0.10040161632445388,1032,47,100
2025-05-16T18:44:10.365822,1033,58216.0,1,0.1,1033,51,100
2025-05-16T18:44:52.235019,1034,42196.0,1,0.24875,1034,39,100
2025-05-16T18:45:39.260096,1035,48609.5,1,0.24750625,1035,44,100
2025-05-16T18:46:22.554653,1036,45906.5,1,0.24626871875,1036,40,100
2025-05-16T18:47:09.319891,1037,49278.5,1,0.24503737515625001,1037,44,100
2025-05-16T18:47:53.908696,1038,46319.0,1,0.24381218828046877,1038,41,100
2025-05-16T18:48:40.172322,1039,49747.0,1,0.24259312733906643,1039,43,100
2025-05-16T18:50:00.450052,1040,85488.5,1,0.2413801617023711,1040,41,100
2025-05-16T18:50:42.924558,1041,44632.0,1,0.24017326089385924,1041,39,100
2025-05-16T18:51:29.780064,1042,48620.5,1,0.23897239458938993,1042,44,100
2025-05-16T18:52:15.844500,1043,48230.0,1,0.23777753261644297,1043,43,100
2025-05-16T18:52:59.071921,1044,42776.5,1,0.23658864495336074,1044,40,100
2025-05-16T18:53:39.976144,1045,43535.0,1,0.23540570172859393,1045,38,100
2025-05-16T18:54:27.619805,1046,52167.0,1,0.23422867321995097,1046,45,100
2025-05-16T18:55:11.525277,1047,42419.5,1,0.23305752985385123,1047,41,100
2025-05-16T18:55:53.903029,1048,42618.5,1,0.23189224220458196,1048,39,100
2025-05-16T18:56:37.413241,1049,45254.5,1,0.23073278099355904,1049,40,100
2025-05-16T18:57:24.080522,1050,49788.0,1,0.22957911708859124,1050,44,100
2025-05-16T18:58:46.687891,1051,90090.0,1,0.2284312215031483,1051,43,100
2025-05-16T18:59:30.433940,1052,47216.0,1,0.22728906539563254,1052,41,98.39285714285714
2025-05-16T19:00:13.417618,1053,45166.0,1,0.2261526200686544,1053,40,100
2025-05-16T19:00:55.684205,1054,44891.5,1,0.22502185696831112,1054,39,100
2025-05-16T19:01:42.442363,1055,50595.0,1,0.22389674768346957,1055,44,100
2025-05-16T19:02:28.680909,1056,48891.0,1,0.2227772639450522,1056,43,100
2025-05-16T19:03:28.245660,1057,47101.5,1,0.22166337762532695,1057,56,100
2025-05-16T19:04:09.597496,1058,42726.5,1,0.22055506073720033,1058,38,100
2025-05-16T19:04:53.250364,1059,44414.5,1,0.21945228543351433,1059,41,100
2025-05-16T19:05:38.815081,1060,47698.0,1,0.21835502400634677,1060,42,100
2025-05-16T19:06:57.327151,1061,86046.0,1,0.21726324888631504,1061,39,100
2025-05-16T19:08:14.468291,1062,84679.5,1,0.21617693264188345,1062,42,100
2025-05-16T19:09:02.267681,1063,50502.5,1,0.21509604797867404,1063,45,100
2025-05-16T19:10:21.865147,1064,83400.5,1,0.21402056773878067,1064,39,100
2025-05-16T19:11:04.558955,1065,45711.0,1,0.21295046490008676,1065,40,100
2025-05-16T19:12:26.437793,1066,86552.5,1,0.21188571257558633,1066,40,100
2025-05-16T19:13:11.555872,1067,45960.0,1,0.2108262840127084,1067,42,100
2025-05-16T19:14:33.183893,1068,86049.0,1,0.20977215259264484,1068,39,100
2025-05-16T19:15:16.289261,1069,44474.0,1,0.2087232918296816,1069,40,100
2025-05-16T19:16:07.852084,1070,45618.0,1,0.2076796753705332,1070,48,100
2025-05-16T19:16:53.100689,1071,46456.5,1,0.20664127699368054,1071,42,100
2025-05-16T19:17:41.020763,1072,50152.5,1,0.20560807060871214,1072,45,100
2025-05-16T19:18:23.063652,1073,43297.5,1,0.20458003025566857,1073,39,98.39285714285714
2025-05-16T19:19:07.891161,1074,47150.5,1,0.20355713010439022,1074,42,100
2025-05-16T19:19:53.020458,1075,49158.0,1,0.20253934445386826,1075,42,100
2025-05-16T19:20:37.680206,1076,45549.5,1,0.20152664773159892,1076,42,100
2025-05-16T19:21:27.523126,1077,53334.0,1,0.20051901449294093,1077,47,100
2025-05-16T19:22:11.585733,1078,43422.0,1,0.19951641942047624,1078,41,100
2025-05-16T19:22:55.246715,1079,45680.0,1,0.19851883732337386,1079,41,100
2025-05-16T19:23:39.421629,1080,46236.0,1,0.19752624313675698,1080,41,100
2025-05-16T19:24:21.905692,1081,43694.5,1,0.1965386119210732,1081,39,100
2025-05-16T19:25:36.924158,1082,79623.5,1,0.19555591886146784,1082,41,100
2025-05-16T19:26:21.410628,1083,44922.5,1,0.1945781392671605,1083,41,100
2025-05-16T19:27:07.780410,1084,47781.0,1,0.1936052485708247,1084,43,100
2025-05-16T19:27:50.403931,1085,44333.5,1,0.19263722232797056,1085,39,100
2025-05-16T19:29:16.488056,1086,91627.0,1,0.19167403621633072,1086,43,100
2025-05-16T19:30:36.062035,1087,87311.0,1,0.19071566603524906,1087,45,100
2025-05-16T19:31:23.360442,1088,49422.5,1,0.1897620877050728,1088,44,100
2025-05-16T19:32:08.970483,1089,49531.0,1,0.18881327726654742,1089,43,100
2025-05-16T19:32:54.039987,1090,46386.5,1,0.1878692108802147,1090,42,100
2025-05-16T19:33:51.738744,1091,48725.0,1,0.1869298648258136,1091,55,100
2025-05-16T19:34:39.106198,1092,49809.5,1,0.18599521550168455,1092,44,100
2025-05-16T19:35:20.601073,1093,42355.0,1,0.18506523942417613,1093,38,100
2025-05-16T19:36:05.476534,1094,45490.5,1,0.18413991322705525,1094,42,100
2025-05-16T19:36:54.964858,1095,52039.5,1,0.18321921366091998,1095,46,100
2025-05-16T19:37:42.836140,1096,50776.5,1,0.1823031175926154,1096,45,100
2025-05-16T19:38:27.399493,1097,45706.5,1,0.18139160200465232,1097,41,100
2025-05-16T19:39:14.458046,1098,48872.0,1,0.18048464399462905,1098,44,100
2025-05-16T19:39:59.597077,1099,46330.5,1,0.1795822207746559,1099,42,100
2025-05-16T19:40:42.534859,1100,43722.5,1,0.17868430967078264,1100,40,100
2025-05-16T19:41:25.234307,1101,42856.0,1,0.17779088812242871,1101,40,100
2025-05-16T19:42:10.436371,1102,46121.5,1,0.17690193368181656,1102,42,100
2025-05-16T19:42:57.542460,1103,48086.5,1,0.17601742401340748,1103,44,100
2025-05-16T19:43:45.130835,1104,48210.5,1,0.17513733689334043,1104,44,98.39285714285714
2025-05-16T19:44:29.719325,1105,45859.5,1,0.17426165020887374,1105,41,100
2025-05-16T19:45:16.889903,1106,45975.0,1,0.17339034195782937,1106,44,100
2025-05-16T19:46:04.494681,1107,51054.5,1,0.17252339024804023,1107,44,97.52212389380531
2025-05-16T21:02:16.135450,1107,45928.5,1,0.17252339024804023,1107,43,100
2025-05-16T21:03:36.366631,1107,44318.5,1,0.17252339024804023,1107,44,100
2025-05-16T21:04:58.874857,1108,86652.5,1,0.17166077329680002,1108,41,100
2025-05-16T21:05:48.835010,1109,49209.0,1,0.17080246943031602,1109,47,100
2025-05-16T21:07:58.249668,1110,133702.0,1,0.16994845708316444,1110,42,100
2025-05-16T21:08:43.076853,1111,42786.0,1,0.16909871479774863,1111,41,100
2025-05-16T21:09:29.308777,1112,45213.0,1,0.16825322122375988,1112,42,100
2025-05-16T21:10:12.747931,1113,43871.5,1,0.1674119551176411,1113,40,100
2025-05-16T21:11:00.261972,1114,51235.5,1,0.1665748953420529,1114,44,100
2025-05-16T21:11:49.047420,1115,49027.0,1,0.16574202086534262,1115,46,100
2025-05-16T21:12:36.296708,1116,46686.5,1,0.1649133107610159,1116,44,100
2025-05-16T21:13:23.015086,1117,50261.0,1,0.1640887442072108,1117,43,100
2025-05-16T21:14:18.432781,1118,57841.0,1,0.16326830048617474,1118,52,100
2025-05-16T21:15:39.297327,1119,85530.5,1,0.16245195898374387,1119,39,100
2025-05-16T21:16:28.458780,1120,49968.0,1,0.16163969918882515,1120,45,100
2025-05-16T21:17:59.981030,1121,104343.0,1,0.16083150069288102,1121,42,0
2025-05-16T21:18:48.639546,1122,51516.5,1,0.1600273431894166,1122,46,100
2025-05-16T21:22:00.100107,1123,208062.5,1,0.15922720647346952,1123,43,100
2025-05-16T21:23:30.293357,1124,97886.5,1,0.15843107044110216,1124,46,100
2025-05-16T21:24:22.438949,1125,51326.5,1,0.15763891508889666,1125,49,100
2025-05-16T21:25:10.000507,1126,52026.0,1,0.15685072051345217,1126,43,100
2025-05-16T21:25:54.928181,1127,47274.0,1,0.1560664669108849,1127,42,100
2025-05-16T21:26:48.680426,1128,50831.5,1,0.15528613457633048,1128,50,100
2025-05-16T21:27:41.997150,1129,49080.0,1,0.15450970390344881,1129,50,100
2025-05-16T21:29:48.054725,1130,131974.0,1,0.15373715538393157,1130,46,100
2025-05-16T21:30:34.481199,1131,45899.5,1,0.1529684696070119,1131,43,100
2025-05-16T21:31:26.816130,1132,54047.0,1,0.15220362725897685,1132,49,100
2025-05-16T21:32:12.570587,1133,44995.0,1,0.15144260912268195,1133,42,100
2025-05-16T21:33:00.788772,1134,48636.0,1,0.15068539607706855,1134,45,100
2025-05-16T21:33:49.516866,1135,48803.0,1,0.14993196909668322,1135,45,100
2025-05-16T21:34:36.175738,1136,48084.5,1,0.1491823092511998,1136,43,100
2025-05-16T21:36:07.695217,1137,94080.0,1,0.1484363977049438,1137,47,0
2025-05-16T21:37:40.857491,1138,82957.5,1,0.14769421571641908,1138,50,100
2025-05-16T21:39:19.410596,1139,96457.0,1,0.14695574463783698,1139,48,0
2025-05-16T21:40:47.065539,1140,85305.0,1,0.14622096591464778,1140,43,100
2025-05-16T21:43:04.369186,1141,139092.0,1,0.14548986108507456,1141,47,100
2025-05-16T21:44:38.607547,1142,93429.5,1,0.14476241177964919,1142,45,100
2025-05-16T21:46:13.593316,1143,100250.5,1,0.14403859972075095,1143,46,100
2025-05-16T21:47:05.425071,1144,54025.5,1,0.14331840672214718,1144,48,100
2025-05-16T21:48:47.031650,1145,91276.0,1,0.14260181468853644,1145,45,100
2025-05-16T21:49:37.198511,1146,51447.5,1,0.14188880561509376,1146,46,100
2025-05-16T21:50:23.226166,1147,45563.0,1,0.1411793615870183,1147,43,100
2025-05-16T21:51:17.655452,1148,52821.0,1,0.1404734647790832,1148,51,100
2025-05-16T21:52:12.671337,1149,54314.0,1,0.1397710974551878,1149,52,100
2025-05-16T21:53:44.196679,1150,98345.5,1,0.13907224196791185,1150,47,100
2025-05-16T21:54:28.384602,1151,47550.5,1,0.13837688075807228,1151,41,100
2025-05-16T21:55:16.943198,1152,50264.5,1,0.1376849963542819,1152,45,99.27927927927928
2025-05-16T21:56:10.530358,1153,60350.0,1,0.1369965713725105,1153,50,100
2025-05-16T21:57:04.612171,1154,52428.0,1,0.13631158851564795,1154,51,100
2025-05-16T21:58:46.789115,1155,102903.5,1,0.13563003057306972,1155,45,100
2025-05-16T21:59:33.226549,1156,49554.0,1,0.13495188042020437,1156,43,100
2025-05-16T22:00:23.333932,1157,49052.0,1,0.13427712101810335,1157,47,100
2025-05-16T22:03:22.271621,1158,198378.5,1,0.13360573541301282,1158,51,100
2025-05-16T22:05:22.652017,1159,125730.0,1,0.13293770673594776,1159,49,100
2025-05-16T22:06:48.783783,1160,92772.5,1,0.13227301820226803,1160,43,100
2025-05-16T22:07:37.353336,1161,53695.0,1,0.1316116531112567,1161,45,100
2025-05-16T22:09:10.097120,1162,91669.5,1,0.1309535948457004,1162,42,100
2025-05-16T22:10:23.923950,1163,80027.5,1,0.1302988268714719,1163,44,100
2025-05-16T22:11:40.949530,1164,86212.5,1,0.12964733273711454,1164,43,100
2025-05-16T22:12:28.309827,1165,45994.5,1,0.12899909607342896,1165,44,100
2025-05-16T22:13:11.776561,1166,43780.5,1,0.12835410059306182,1166,40,100
2025-05-16T22:17:36.139172,1167,263385.0,0,0.1277123300900965,1167,60,85.42635658914729
2025-05-16T22:19:17.449430,1168,105678.0,1,0.12707376843964602,1168,49,100
2025-05-16T22:20:07.350870,1169,52172.0,1,0.1264383995974478,1169,46,100
2025-05-16T22:21:39.359908,1170,93046.0,1,0.12580620759946054,1170,47,100
2025-05-16T22:24:00.109353,1171,140614.0,1,0.12517717656146324,1171,47,100
2025-05-16T22:24:52.481249,1172,53336.5,1,0.12455129067865592,1172,49,100
2025-05-16T22:25:46.116225,1173,53923.0,1,0.12392853422526263,1173,50,100
2025-05-16T22:26:38.791258,1174,50795.0,1,0.12330889155413632,1174,49,100
2025-05-16T22:28:56.162918,1174,50379.0,1,0.12330889155413632,1174,45,100
2025-05-16T22:29:45.746634,1175,52713.0,1,0.12269234709636564,1175,46,100
2025-05-16T22:30:41.604906,1176,60148.0,1,0.12207888536088382,1176,53,100
2025-05-16T22:31:33.547958,1177,52911.5,1,0.1214684909340794,1177,49,100
2025-05-16T22:32:24.305342,1178,54382.0,1,0.120861148479409,1178,48,100
2025-05-16T22:35:04.882136,1179,188525.0,1,0.12025684273701195,1179,45,100
2025-05-16T22:36:34.413595,1180,98253.0,1,0.11965555852332689,1180,43,100
2025-05-16T22:38:27.823470,1181,124641.5,1,0.11905728073071026,1181,42,100
2025-05-16T22:39:15.972673,1182,53418.5,1,0.1184619943270567,1182,45,100
2025-05-16T22:40:44.804601,1183,96928.0,1,0.11786968435542142,1183,43,100
2025-05-16T22:42:20.261969,1184,110190.0,1,0.11728033593364431,1184,49,100
2025-05-16T22:43:11.322077,1185,54897.0,1,0.11669393425397609,1185,48,100
2025-05-16T22:46:11.819153,1186,201226.5,1,0.11611046458270621,1186,47,100
2025-05-16T22:46:55.657323,1187,46912.5,1,0.11552991225979269,1187,41,100
2025-05-16T22:48:13.080066,1188,85387.5,1,0.11495226269849372,1188,40,100
2025-05-16T22:49:51.965876,1189,110696.0,1,0.11437750138500125,1189,49,0
2025-05-16T22:51:16.869960,1190,93682.5,1,0.11380561387807624,1190,46,100
2025-05-16T22:52:05.246693,1191,51877.5,1,0.11323658580868586,1191,45,100
2025-05-16T22:53:34.874531,1192,102565.5,1,0.11267040287964243,1192,48,100
2025-05-16T22:56:24.259911,1193,193333.0,1,0.11210705086524422,1193,43,100
2025-05-16T22:57:13.237827,1194,53375.5,1,0.111546515610918,1194,46,100
2025-05-16T22:58:44.997162,1195,101554.0,1,0.1109887830328634,1195,50,100
2025-05-16T22:59:35.177755,1196,54470.5,1,0.11043383911769908,1196,47,100
2025-05-16T23:00:21.805600,1197,49818.0,1,0.10988166992211058,1197,44,100
2025-05-16T23:01:17.997978,1198,61670.5,1,0.10933226157250003,1198,53,100
2025-05-16T23:02:48.870036,1199,99821.5,1,0.10878560026463753,1199,47,100
2025-05-16T23:05:08.482513,1200,156515.0,1,0.10824167226331434,1200,49,100
2025-05-16T23:06:45.784515,1201,109627.0,1,0.10770046390199776,1201,46,100
2025-05-16T23:07:39.692237,1202,48896.5,1,0.10716196158248778,1202,51,100
2025-05-16T23:08:34.806108,1203,60272.0,1,0.10662615177457534,1203,52,100
2025-05-16T23:09:23.802351,1204,49231.0,1,0.10609302101570246,1204,46,100
2025-05-16T23:10:15.064636,1205,53949.0,1,0.10556255591062395,1205,48,100
2025-05-16T23:11:07.512866,1206,53178.0,1,0.10503474313107083,1206,49,100
2025-05-16T23:12:49.619595,1207,106765.0,1,0.10450956941541548,1207,52,100
2025-05-16T23:14:32.631669,1208,108950.0,1,0.1039870215683384,1208,49,0
2025-05-16T23:18:29.456310,1209,257248.0,1,0.10346708646049671,1209,47,100
2025-05-16T23:21:17.446759,1210,180541.0,1,0.10294975102819423,1210,51,100
2025-05-16T23:22:09.355831,1211,55109.0,1,0.10243500227305326,1211,49,100
2025-05-16T23:24:12.772531,1212,132068.5,1,0.10192282726168798,1212,48,100
2025-05-16T23:25:06.264537,1213,56275.5,1,0.10141321312537954,1213,50,100
2025-05-16T23:28:21.235265,1214,208526.0,1,0.10090614705975265,1214,44,100
2025-05-16T23:32:51.096110,1215,280792.5,1,0.10040161632445388,1215,47,0
2025-05-16T23:34:29.459960,1216,106180.5,1,0.1,1216,48,100
2025-05-16T23:36:01.240299,1217,99877.0,1,0.1,1217,49,100
2025-05-16T23:40:11.708104,1218,247883.0,1,0.1,1218,56,100
2025-05-16T23:41:00.370417,1219,49195.0,1,0.1,1219,45,100
2025-05-16T23:41:50.112038,1220,51545.0,1,0.1,1220,46,100
2025-05-16T23:46:21.288685,1221,298770.0,1,0.1,1221,44,0
2025-05-16T23:47:58.986238,1222,101440.5,1,0.1,1222,49,100
2025-05-16T23:49:32.285221,1223,101735.0,1,0.1,1223,43,100
2025-05-16T23:51:52.977178,1224,147915.0,1,0.1,1224,49,100
2025-05-16T23:52:39.244298,1225,48391.0,1,0.1,1225,43,100
2025-05-16T23:57:10.540034,1226,293333.0,1,0.1,1226,55,100
2025-05-16T23:58:08.647649,1227,59023.0,1,0.1,1227,55,100
2025-05-17T00:00:20.210285,1228,137614.5,1,0.1,1228,44,100
2025-05-17T00:01:12.799791,1229,53338.0,1,0.1,1229,49,100
2025-05-17T00:02:05.079073,1230,53637.5,1,0.1,1230,49,100
2025-05-17T00:06:02.967705,1231,261437.0,1,0.1,1231,50,100
2025-05-17T00:07:48.167688,1232,92305.0,0,0.1,1232,60,47.91304347826087
2025-05-17T00:08:46.933764,1233,59180.0,1,0.1,1233,55,100
2025-05-17T00:09:45.624397,1234,61090.0,1,0.1,1234,55,100
2025-05-17T00:13:26.988326,1235,235586.5,1,0.1,1235,45,100
2025-05-17T00:16:38.424875,1236,197598.5,1,0.1,1236,50,100
2025-05-17T00:20:00.032144,1237,210862.5,1,0.1,1237,54,100
2025-05-17T00:20:54.526390,1238,55291.5,1,0.1,1238,51,100
2025-05-17T00:25:28.315531,1239,292837.0,1,0.1,1239,51,100
2025-05-17T00:27:07.612847,1240,101101.0,1,0.1,1240,51,100
2025-05-17T00:31:55.083836,1241,305784.5,1,0.1,1241,53,100
2025-05-17T00:35:02.303136,1242,153272.0,0,0.1,1242,60,16.158357771261
2025-05-17T00:37:26.307396,1243,121763.5,0,0.1,1243,60,26.052009456264773
2025-05-17T00:38:25.988223,1244,56975.5,1,0.1,1244,56,100
2025-05-17T00:39:18.610315,1245,52560.0,1,0.1,1245,49,100
2025-05-17T00:40:18.651814,1246,61385.0,1,0.1,1246,56,100
2025-05-17T00:41:11.141532,1247,49128.5,1,0.1,1247,49,100
2025-05-17T00:42:49.862505,1248,99197.0,1,0.1,1248,45,100
